competition_key,season,team_id,matches,covered_by_external_dated_fact,coverage_pct
brasileirao_b,2025,234948,38,38,100.0
la_liga,2020,594,38,38,100.0
la_liga,2020,2975,38,38,100.0
la_liga,2020,13258,38,38,100.0
la_liga,2021,594,38,38,100.0
la_liga,2021,2975,38,38,100.0
la_liga,2021,13258,38,38,100.0
la_liga,2022,594,38,38,100.0
la_liga,2022,13258,38,38,100.0
la_liga,2023,594,38,38,100.0
la_liga,2023,2975,38,38,100.0
la_liga,2023,13258,38,38,100.0
la_liga,2024,2975,38,38,100.0
la_liga,2024,13258,38,38,100.0
ligue_1,2020,79,38,38,100.0
ligue_1,2020,591,38,38,100.0
ligue_1,2021,79,38,38,100.0
ligue_1,2021,591,38,38,100.0
ligue_1,2022,79,38,38,100.0
ligue_1,2022,591,38,38,100.0
premier_league,2022,52,38,38,100.0
premier_league,2023,52,38,38,100.0
premier_league,2024,52,38,38,100.0
bundesliga,2020,68,34,34,100.0
bundesliga,2020,82,34,34,100.0
bundesliga,2020,90,34,34,100.0
bundesliga,2020,277,34,34,100.0
bundesliga,2020,366,34,34,100.0
bundesliga,2020,510,34,34,100.0
bundesliga,2020,3317,34,34,100.0
bundesliga,2020,3321,34,34,100.0
bundesliga,2021,68,34,34,100.0
bundesliga,2021,90,34,34,100.0
bundesliga,2021,366,34,34,100.0
bundesliga,2021,510,34,34,100.0
bundesliga,2021,3317,34,34,100.0
bundesliga,2021,3321,34,34,100.0
bundesliga,2022,68,34,34,100.0
bundesliga,2022,82,34,34,100.0
bundesliga,2022,90,34,34,100.0
bundesliga,2022,366,34,34,100.0
bundesliga,2022,503,34,34,100.0
bundesliga,2022,510,34,34,100.0
bundesliga,2022,3317,34,34,100.0
bundesliga,2022,3321,34,34,100.0
bundesliga,2023,68,34,34,100.0
bundesliga,2023,82,34,34,100.0
bundesliga,2023,90,34,34,100.0
bundesliga,2023,366,34,34,100.0
bundesliga,2023,503,34,34,100.0
bundesliga,2023,510,34,34,100.0
bundesliga,2023,3321,34,34,100.0
bundesliga,2024,68,34,34,100.0
bundesliga,2024,82,34,34,100.0
bundesliga,2024,90,34,34,100.0
bundesliga,2024,366,34,34,100.0
bundesliga,2024,503,34,34,100.0
bundesliga,2024,510,34,34,100.0
bundesliga,2024,3321,34,34,100.0
bundesliga,2024,3611,34,34,100.0
ligue_1,2023,79,34,34,100.0
ligue_1,2023,591,34,34,100.0
ligue_1,2024,79,34,34,100.0
ligue_1,2024,591,34,34,100.0
la_liga,2023,83,38,20,52.63
la_liga,2024,83,38,19,50.0
bundesliga,2021,277,34,17,50.0
bundesliga,2021,503,34,17,50.0
champions_league,2024,591,17,17,100.0
champions_league,2021,354,14,14,100.0
champions_league,2024,68,14,14,100.0
champions_league,2024,503,14,14,100.0
champions_league,2023,68,13,13,100.0
sudamericana,2024,3608,13,13,100.0
champions_league,2020,591,12,12,100.0
champions_league,2022,674,12,12,100.0
champions_league,2022,3545,12,12,100.0
champions_league,2023,503,12,12,100.0
champions_league,2023,591,12,12,100.0
champions_league,2024,73,12,12,100.0
libertadores,2025,3608,12,12,100.0
sudamericana,2025,9269,11,11,100.0
champions_league,2020,68,10,10,100.0
champions_league,2022,503,10,10,100.0
champions_league,2024,674,10,10,100.0
champions_league,2024,3321,10,10,100.0
libertadores,2023,3608,10,10,100.0
champions_league,2020,277,8,8,100.0
champions_league,2021,591,8,8,100.0
champions_league,2021,674,8,8,100.0
champions_league,2022,68,8,8,100.0
champions_league,2022,366,8,8,100.0
champions_league,2022,591,8,8,100.0
champions_league,2023,594,8,8,100.0
libertadores,2021,3393,8,8,100.0
libertadores,2023,3393,8,8,100.0
champions_league,2021,68,6,6,100.0
champions_league,2021,277,6,6,100.0
champions_league,2021,510,6,6,100.0
champions_league,2022,3321,6,6,100.0
champions_league,2023,57,6,6,100.0
champions_league,2023,73,6,6,100.0
champions_league,2024,83,14,6,42.86
champions_league,2024,354,6,6,100.0
champions_league,2024,3444,6,6,100.0
libertadores,2021,9269,6,6,100.0
libertadores,2022,3479,6,6,100.0
fifa_world_cup_mens,1938,7030456752538593319,5,5,100.0
champions_league,2021,503,10,4,40.0
champions_league,2022,1401,4,4,100.0
champions_league,2023,83,10,4,40.0
champions_league,2023,674,4,4,100.0
champions_league,2024,649,4,4,100.0
champions_league,2024,890,4,4,100.0
fifa_world_cup_mens,1966,7030456752538593319,3,3,100.0
champions_league,2020,674,2,2,100.0
champions_league,2021,293,2,2,100.0
champions_league,2021,2929,2,2,100.0
champions_league,2021,17303,2,2,100.0
champions_league,2022,688,2,2,100.0
champions_league,2022,726,2,2,100.0
champions_league,2024,593,2,2,100.0
copa_do_brasil,2024,234948,2,2,100.0
copa_do_brasil,2025,234948,2,2,100.0
champions_league,2020,3545,1,1,100.0
champions_league,2020,4323,1,1,100.0
champions_league,2020,8673,1,1,100.0
champions_league,2020,17303,1,1,100.0
champions_league,2023,17301,1,1,100.0
copa_do_brasil,2023,234948,1,1,100.0
sudamericana,2024,9269,1,1,100.0
brasileirao_a,2021,48,38,0,0.0
brasileirao_a,2021,303,38,0,0.0
brasileirao_a,2021,692,38,0,0.0
brasileirao_a,2021,710,38,0,0.0
brasileirao_a,2021,1024,38,0,0.0
brasileirao_a,2021,1095,38,0,0.0
brasileirao_a,2021,2352,38,0,0.0
brasileirao_a,2021,2696,38,0,0.0
brasileirao_a,2021,2925,38,0,0.0
brasileirao_a,2021,3422,38,0,0.0
brasileirao_a,2021,3427,38,0,0.0
brasileirao_a,2021,3432,38,0,0.0
brasileirao_a,2021,3496,38,0,0.0
brasileirao_a,2021,3621,38,0,0.0
brasileirao_a,2021,3684,38,0,0.0
brasileirao_a,2021,5463,38,0,0.0
brasileirao_a,2021,6325,38,0,0.0
brasileirao_a,2021,7808,38,0,0.0
brasileirao_a,2021,8331,38,0,0.0
brasileirao_a,2021,12220,38,0,0.0
brasileirao_a,2022,48,38,0,0.0
brasileirao_a,2022,303,38,0,0.0
brasileirao_a,2022,1024,38,0,0.0
brasileirao_a,2022,1095,38,0,0.0
brasileirao_a,2022,2696,38,0,0.0
brasileirao_a,2022,2864,38,0,0.0
brasileirao_a,2022,3422,38,0,0.0
brasileirao_a,2022,3427,38,0,0.0
brasileirao_a,2022,3432,38,0,0.0
brasileirao_a,2022,3496,38,0,0.0
brasileirao_a,2022,3621,38,0,0.0
brasileirao_a,2022,3684,38,0,0.0
brasileirao_a,2022,5463,38,0,0.0
brasileirao_a,2022,6285,38,0,0.0
brasileirao_a,2022,6325,38,0,0.0
brasileirao_a,2022,6468,38,0,0.0
brasileirao_a,2022,7808,38,0,0.0
brasileirao_a,2022,8331,38,0,0.0
brasileirao_a,2022,9323,38,0,0.0
brasileirao_a,2022,12220,38,0,0.0
brasileirao_a,2023,303,38,0,0.0
brasileirao_a,2023,692,38,0,0.0
brasileirao_a,2023,696,38,0,0.0
brasileirao_a,2023,1024,38,0,0.0
brasileirao_a,2023,1095,38,0,0.0
brasileirao_a,2023,2696,38,0,0.0
brasileirao_a,2023,2864,38,0,0.0
brasileirao_a,2023,2925,38,0,0.0
brasileirao_a,2023,3371,38,0,0.0
brasileirao_a,2023,3422,38,0,0.0
brasileirao_a,2023,3427,38,0,0.0
brasileirao_a,2023,3432,38,0,0.0
brasileirao_a,2023,3496,38,0,0.0
brasileirao_a,2023,3621,38,0,0.0
brasileirao_a,2023,3684,38,0,0.0
brasileirao_a,2023,5463,38,0,0.0
brasileirao_a,2023,6285,38,0,0.0
brasileirao_a,2023,6325,38,0,0.0
brasileirao_a,2023,7808,38,0,0.0
brasileirao_a,2023,9323,38,0,0.0
brasileirao_a,2024,48,38,0,0.0
brasileirao_a,2024,303,38,0,0.0
brasileirao_a,2024,692,38,0,0.0
brasileirao_a,2024,696,38,0,0.0
brasileirao_a,2024,1024,38,0,0.0
brasileirao_a,2024,1095,38,0,0.0
brasileirao_a,2024,2696,38,0,0.0
brasileirao_a,2024,2864,38,0,0.0
brasileirao_a,2024,2925,38,0,0.0
brasileirao_a,2024,3371,38,0,0.0
brasileirao_a,2024,3422,38,0,0.0
brasileirao_a,2024,3427,38,0,0.0
brasileirao_a,2024,3432,38,0,0.0
brasileirao_a,2024,3440,38,0,0.0
brasileirao_a,2024,3496,38,0,0.0
brasileirao_a,2024,3621,38,0,0.0
brasileirao_a,2024,5463,38,0,0.0
brasileirao_a,2024,6036,38,0,0.0
brasileirao_a,2024,7808,38,0,0.0
brasileirao_a,2024,8331,38,0,0.0
brasileirao_a,2025,48,38,0,0.0
brasileirao_a,2025,303,38,0,0.0
brasileirao_a,2025,692,38,0,0.0
brasileirao_a,2025,696,38,0,0.0
brasileirao_a,2025,1024,38,0,0.0
brasileirao_a,2025,1095,38,0,0.0
brasileirao_a,2025,2352,38,0,0.0
brasileirao_a,2025,2696,38,0,0.0
brasileirao_a,2025,2864,38,0,0.0
brasileirao_a,2025,2925,38,0,0.0
brasileirao_a,2025,3371,38,0,0.0
brasileirao_a,2025,3422,38,0,0.0
brasileirao_a,2025,3427,38,0,0.0
brasileirao_a,2025,3440,38,0,0.0
brasileirao_a,2025,3496,38,0,0.0
brasileirao_a,2025,3621,38,0,0.0
brasileirao_a,2025,3684,38,0,0.0
brasileirao_a,2025,7808,38,0,0.0
brasileirao_a,2025,11126,38,0,0.0
brasileirao_a,2025,12220,38,0,0.0
brasileirao_b,2021,696,38,0,0.0
brasileirao_b,2021,2864,38,0,0.0
brasileirao_b,2021,3371,38,0,0.0
brasileirao_b,2021,3440,38,0,0.0
brasileirao_b,2021,3672,38,0,0.0
brasileirao_b,2021,3847,38,0,0.0
brasileirao_b,2021,3931,38,0,0.0
brasileirao_b,2021,6188,38,0,0.0
brasileirao_b,2021,6285,38,0,0.0
brasileirao_b,2021,6304,38,0,0.0
brasileirao_b,2021,6468,38,0,0.0
brasileirao_b,2021,6764,38,0,0.0
brasileirao_b,2021,9181,38,0,0.0
brasileirao_b,2021,9323,38,0,0.0
brasileirao_b,2021,10017,38,0,0.0
brasileirao_b,2021,11550,38,0,0.0
brasileirao_b,2021,11941,38,0,0.0
brasileirao_b,2021,12157,38,0,0.0
brasileirao_b,2021,12180,38,0,0.0
brasileirao_b,2021,14710,38,0,0.0
brasileirao_b,2022,692,38,0,0.0
brasileirao_b,2022,696,37,0,0.0
brasileirao_b,2022,710,38,0,0.0
brasileirao_b,2022,2352,38,0,0.0
brasileirao_b,2022,2592,38,0,0.0
brasileirao_b,2022,2925,38,0,0.0
brasileirao_b,2022,3371,38,0,0.0
brasileirao_b,2022,3672,37,0,0.0
brasileirao_b,2022,3847,38,0,0.0
brasileirao_b,2022,3931,38,0,0.0
brasileirao_b,2022,6036,38,0,0.0
brasileirao_b,2022,6188,38,0,0.0
brasileirao_b,2022,6304,37,0,0.0
brasileirao_b,2022,6370,38,0,0.0
brasileirao_b,2022,6764,38,0,0.0
brasileirao_b,2022,9181,38,0,0.0
brasileirao_b,2022,11941,37,0,0.0
brasileirao_b,2022,12157,38,0,0.0
brasileirao_b,2022,13292,38,0,0.0
brasileirao_b,2022,14710,38,0,0.0
brasileirao_b,2023,48,38,0,0.0
brasileirao_b,2023,104,38,0,0.0
brasileirao_b,2023,710,38,0,0.0
brasileirao_b,2023,2352,38,0,0.0
brasileirao_b,2023,2592,38,0,0.0
brasileirao_b,2023,3440,38,0,0.0
brasileirao_b,2023,3672,37,0,0.0
brasileirao_b,2023,3931,38,0,0.0
brasileirao_b,2023,6036,38,0,0.0
brasileirao_b,2023,6188,38,0,0.0
brasileirao_b,2023,6370,38,0,0.0
brasileirao_b,2023,6468,37,0,0.0
brasileirao_b,2023,6544,38,0,0.0
brasileirao_b,2023,6764,38,0,0.0
brasileirao_b,2023,8331,38,0,0.0
brasileirao_b,2023,9181,38,0,0.0
brasileirao_b,2023,11126,38,0,0.0
brasileirao_b,2023,11941,38,0,0.0
brasileirao_b,2023,12220,38,0,0.0
brasileirao_b,2023,13292,38,0,0.0
brasileirao_b,2024,104,37,0,0.0
brasileirao_b,2024,710,38,0,0.0
brasileirao_b,2024,2352,38,0,0.0
brasileirao_b,2024,3478,38,0,0.0
brasileirao_b,2024,3672,38,0,0.0
brasileirao_b,2024,3684,38,0,0.0
brasileirao_b,2024,3931,38,0,0.0
brasileirao_b,2024,6188,18,0,0.0
brasileirao_b,2024,6285,38,0,0.0
brasileirao_b,2024,6304,38,0,0.0
brasileirao_b,2024,6325,37,0,0.0
brasileirao_b,2024,6370,37,0,0.0
brasileirao_b,2024,6468,38,0,0.0
brasileirao_b,2024,9323,38,0,0.0
brasileirao_b,2024,11126,38,0,0.0
brasileirao_b,2024,11941,38,0,0.0
brasileirao_b,2024,12220,38,0,0.0
brasileirao_b,2024,13292,38,0,0.0
brasileirao_b,2024,14710,38,0,0.0
brasileirao_b,2024,238918,38,0,0.0
brasileirao_b,2024,275822,19,0,0.0
brasileirao_b,2025,104,38,0,0.0
brasileirao_b,2025,710,38,0,0.0
brasileirao_b,2025,2505,38,0,0.0
brasileirao_b,2025,3432,38,0,0.0
brasileirao_b,2025,3478,38,0,0.0
brasileirao_b,2025,5463,38,0,0.0
brasileirao_b,2025,6036,38,0,0.0
brasileirao_b,2025,6188,38,0,0.0
brasileirao_b,2025,6285,38,0,0.0
brasileirao_b,2025,6325,38,0,0.0
brasileirao_b,2025,6370,38,0,0.0
brasileirao_b,2025,6468,38,0,0.0
brasileirao_b,2025,8331,38,0,0.0
brasileirao_b,2025,9323,37,0,0.0
brasileirao_b,2025,11550,38,0,0.0
brasileirao_b,2025,11642,38,0,0.0
brasileirao_b,2025,11941,38,0,0.0
brasileirao_b,2025,14710,38,0,0.0
brasileirao_b,2025,238918,37,0,0.0
bundesliga,2020,67,34,0,0.0
bundesliga,2020,503,34,0,0.0
bundesliga,2020,683,34,0,0.0
bundesliga,2020,794,34,0,0.0
bundesliga,2020,1079,34,0,0.0
bundesliga,2020,2726,34,0,0.0
bundesliga,2020,2927,34,0,0.0
bundesliga,2020,3319,34,0,0.0
bundesliga,2020,3320,34,0,0.0
bundesliga,2020,3543,34,0,0.0
bundesliga,2021,683,34,0,0.0
bundesliga,2021,794,34,0,0.0
bundesliga,2021,999,34,0,0.0
bundesliga,2021,1079,34,0,0.0
bundesliga,2021,2726,34,0,0.0
bundesliga,2021,2927,34,0,0.0
bundesliga,2021,3319,34,0,0.0
bundesliga,2021,3320,34,0,0.0
bundesliga,2021,3431,34,0,0.0
bundesliga,2021,3543,34,0,0.0
bundesliga,2022,67,34,0,0.0
bundesliga,2022,277,34,0,0.0
bundesliga,2022,683,34,0,0.0
bundesliga,2022,794,34,0,0.0
bundesliga,2022,999,34,0,0.0
bundesliga,2022,1079,34,0,0.0
bundesliga,2022,2726,34,0,0.0
bundesliga,2022,3319,34,0,0.0
bundesliga,2022,3320,34,0,0.0
bundesliga,2022,3543,34,0,0.0
bundesliga,2023,277,34,0,0.0
bundesliga,2023,482,34,0,0.0
bundesliga,2023,683,34,0,0.0
bundesliga,2023,794,34,0,0.0
bundesliga,2023,999,34,0,0.0
bundesliga,2023,1079,34,0,0.0
bundesliga,2023,2726,34,0,0.0
bundesliga,2023,2831,34,0,0.0
bundesliga,2023,3319,34,0,0.0
bundesliga,2023,3320,34,0,0.0
bundesliga,2023,3543,34,0,0.0
bundesliga,2024,277,34,0,0.0
bundesliga,2024,353,34,0,0.0
bundesliga,2024,683,34,0,0.0
bundesliga,2024,794,34,0,0.0
bundesliga,2024,999,34,0,0.0
bundesliga,2024,1079,34,0,0.0
bundesliga,2024,2726,34,0,0.0
bundesliga,2024,2831,34,0,0.0
bundesliga,2024,3319,34,0,0.0
bundesliga,2024,3543,34,0,0.0
champions_league,2020,8,10,0,0.0
champions_league,2020,9,13,0,0.0
champions_league,2020,14,6,0,0.0
champions_league,2020,18,13,0,0.0
champions_league,2020,43,8,0,0.0
champions_league,2020,44,6,0,0.0
champions_league,2020,49,8,0,0.0
champions_league,2020,53,2,0,0.0
champions_league,2020,61,2,0,0.0
champions_league,2020,83,8,0,0.0
champions_league,2020,112,11,0,0.0
champions_league,2020,216,2,0,0.0
champions_league,2020,260,3,0,0.0
champions_league,2020,290,5,0,0.0
champions_league,2020,340,6,0,0.0
champions_league,2020,349,2,0,0.0
champions_league,2020,368,5,0,0.0
champions_league,2020,443,1,0,0.0
champions_league,2020,490,6,0,0.0
champions_league,2020,503,10,0,0.0
champions_league,2020,554,1,0,0.0
champions_league,2020,556,9,0,0.0
champions_league,2020,598,6,0,0.0
champions_league,2020,602,8,0,0.0
champions_league,2020,605,1,0,0.0
champions_league,2020,621,6,0,0.0
champions_league,2020,625,8,0,0.0
champions_league,2020,627,2,0,0.0
champions_league,2020,629,6,0,0.0
champions_league,2020,647,2,0,0.0
champions_league,2020,649,4,0,0.0
champions_league,2020,652,10,0,0.0
champions_league,2020,676,8,0,0.0
champions_league,2020,683,8,0,0.0
champions_league,2020,708,8,0,0.0
champions_league,2020,762,1,0,0.0
champions_league,2020,939,10,0,0.0
champions_league,2020,1114,2,0,0.0
champions_league,2020,1294,1,0,0.0
champions_league,2020,1311,1,0,0.0
champions_league,2020,2402,3,0,0.0
champions_league,2020,2417,1,0,0.0
champions_league,2020,2645,8,0,0.0
champions_league,2020,2673,3,0,0.0
champions_league,2020,2742,2,0,0.0
champions_league,2020,2930,6,0,0.0
champions_league,2020,2963,6,0,0.0
champions_league,2020,2997,5,0,0.0
champions_league,2020,3451,1,0,0.0
champions_league,2020,3468,12,0,0.0
champions_league,2020,3529,2,0,0.0
champions_league,2020,3546,1,0,0.0
champions_league,2020,3599,2,0,0.0
champions_league,2020,3678,2,0,0.0
champions_league,2020,3702,6,0,0.0
champions_league,2020,3833,1,0,0.0
champions_league,2020,5202,2,0,0.0
champions_league,2020,5284,2,0,0.0
champions_league,2020,5317,3,0,0.0
champions_league,2020,5426,1,0,0.0
champions_league,2020,5428,1,0,0.0
champions_league,2020,5444,1,0,0.0
champions_league,2020,5447,1,0,0.0
champions_league,2020,5878,2,0,0.0
champions_league,2020,5909,1,0,0.0
champions_league,2020,6007,3,0,0.0
champions_league,2020,7980,8,0,0.0
champions_league,2020,8697,1,0,0.0
champions_league,2020,132649,1,0,0.0
champions_league,2020,148038,2,0,0.0
champions_league,2020,234886,1,0,0.0
champions_league,2021,8,13,0,0.0
champions_league,2021,9,12,0,0.0
champions_league,2021,14,8,0,0.0
champions_league,2021,18,10,0,0.0
champions_league,2021,34,2,0,0.0
champions_league,2021,49,10,0,0.0
champions_league,2021,53,2,0,0.0
champions_league,2021,58,8,0,0.0
champions_league,2021,62,2,0,0.0
champions_league,2021,83,6,0,0.0
champions_league,2021,112,8,0,0.0
champions_league,2021,113,6,0,0.0
champions_league,2021,207,2,0,0.0
champions_league,2021,216,2,0,0.0
champions_league,2021,260,2,0,0.0
champions_league,2021,340,6,0,0.0
champions_league,2021,349,6,0,0.0
champions_league,2021,360,2,0,0.0
champions_league,2021,368,2,0,0.0
champions_league,2021,554,6,0,0.0
champions_league,2021,556,6,0,0.0
champions_league,2021,571,2,0,0.0
champions_league,2021,602,4,0,0.0
champions_league,2021,605,14,0,0.0
champions_league,2021,621,10,0,0.0
champions_league,2021,625,8,0,0.0
champions_league,2021,627,14,0,0.0
champions_league,2021,629,8,0,0.0
champions_league,2021,647,12,0,0.0
champions_league,2021,652,6,0,0.0
champions_league,2021,676,6,0,0.0
champions_league,2021,682,6,0,0.0
champions_league,2021,690,8,0,0.0
champions_league,2021,708,6,0,0.0
champions_league,2021,724,4,0,0.0
champions_league,2021,876,2,0,0.0
champions_league,2021,939,4,0,0.0
champions_league,2021,1001,4,0,0.0
champions_league,2021,1294,2,0,0.0
champions_league,2021,1668,2,0,0.0
champions_league,2021,2417,4,0,0.0
champions_league,2021,2599,4,0,0.0
champions_league,2021,2673,4,0,0.0
champions_league,2021,2709,2,0,0.0
champions_league,2021,2712,2,0,0.0
champions_league,2021,2727,4,0,0.0
champions_league,2021,2742,8,0,0.0
champions_league,2021,2930,8,0,0.0
champions_league,2021,2963,6,0,0.0
champions_league,2021,3108,4,0,0.0
champions_league,2021,3451,2,0,0.0
champions_league,2021,3468,13,0,0.0
champions_league,2021,3477,12,0,0.0
champions_league,2021,3546,2,0,0.0
champions_league,2021,3599,6,0,0.0
champions_league,2021,3678,2,0,0.0
champions_league,2021,3833,2,0,0.0
champions_league,2021,3877,2,0,0.0
champions_league,2021,4113,4,0,0.0
champions_league,2021,5203,2,0,0.0
champions_league,2021,5447,2,0,0.0
champions_league,2021,5495,4,0,0.0
champions_league,2021,6452,2,0,0.0
champions_league,2021,6789,4,0,0.0
champions_league,2021,7980,10,0,0.0
champions_league,2021,8678,1,0,0.0
champions_league,2021,8697,4,0,0.0
champions_league,2021,10068,4,0,0.0
champions_league,2021,10695,4,0,0.0
champions_league,2021,18967,1,0,0.0
champions_league,2022,6,8,0,0.0
champions_league,2022,8,8,0,0.0
champions_league,2022,9,13,0,0.0
champions_league,2022,18,10,0,0.0
champions_league,2022,44,6,0,0.0
champions_league,2022,49,6,0,0.0
champions_league,2022,53,6,0,0.0
champions_league,2022,58,6,0,0.0
champions_league,2022,62,10,0,0.0
champions_league,2022,83,6,0,0.0
champions_league,2022,85,8,0,0.0
champions_league,2022,88,2,0,0.0
champions_league,2022,112,6,0,0.0
champions_league,2022,113,12,0,0.0
champions_league,2022,207,4,0,0.0
champions_league,2022,260,4,0,0.0
champions_league,2022,277,8,0,0.0
champions_league,2022,302,2,0,0.0
champions_league,2022,340,8,0,0.0
champions_league,2022,354,4,0,0.0
champions_league,2022,360,2,0,0.0
champions_league,2022,389,2,0,0.0
champions_league,2022,556,6,0,0.0
champions_league,2022,571,12,0,0.0
champions_league,2022,579,2,0,0.0
champions_league,2022,597,10,0,0.0
champions_league,2022,602,2,0,0.0
champions_league,2022,605,14,0,0.0
champions_league,2022,621,6,0,0.0
champions_league,2022,625,6,0,0.0
champions_league,2022,627,6,0,0.0
champions_league,2022,629,6,0,0.0
champions_league,2022,652,8,0,0.0
champions_league,2022,676,6,0,0.0
champions_league,2022,682,4,0,0.0
champions_league,2022,724,4,0,0.0
champions_league,2022,847,1,0,0.0
champions_league,2022,939,4,0,0.0
champions_league,2022,1001,6,0,0.0
champions_league,2022,1668,8,0,0.0
champions_league,2022,2417,4,0,0.0
champions_league,2022,2673,4,0,0.0
champions_league,2022,2688,4,0,0.0
champions_league,2022,2742,6,0,0.0
champions_league,2022,2930,13,0,0.0
champions_league,2022,2973,4,0,0.0
champions_league,2022,3357,2,0,0.0
champions_league,2022,3468,12,0,0.0
champions_league,2022,3599,2,0,0.0
champions_league,2022,3712,2,0,0.0
champions_league,2022,3958,2,0,0.0
champions_league,2022,4400,1,0,0.0
champions_league,2022,4493,4,0,0.0
champions_league,2022,5202,2,0,0.0
champions_league,2022,5284,2,0,0.0
champions_league,2022,5317,8,0,0.0
champions_league,2022,5504,6,0,0.0
champions_league,2022,5686,2,0,0.0
champions_league,2022,5834,2,0,0.0
champions_league,2022,6213,2,0,0.0
champions_league,2022,6315,2,0,0.0
champions_league,2022,6452,2,0,0.0
champions_league,2022,6556,2,0,0.0
champions_league,2022,6789,2,0,0.0
champions_league,2022,7980,6,0,0.0
champions_league,2022,10068,2,0,0.0
champions_league,2022,17303,2,0,0.0
champions_league,2022,228494,2,0,0.0
champions_league,2023,9,10,0,0.0
champions_league,2023,14,6,0,0.0
champions_league,2023,19,10,0,0.0
champions_league,2023,20,6,0,0.0
champions_league,2023,34,12,0,0.0
champions_league,2023,43,8,0,0.0
champions_league,2023,44,2,0,0.0
champions_league,2023,49,6,0,0.0
champions_league,2023,53,6,0,0.0
champions_league,2023,62,4,0,0.0
champions_league,2023,85,14,0,0.0
champions_league,2023,112,2,0,0.0
champions_league,2023,113,6,0,0.0
champions_league,2023,207,2,0,0.0
champions_league,2023,271,6,0,0.0
champions_league,2023,277,8,0,0.0
champions_league,2023,290,6,0,0.0
champions_league,2023,295,2,0,0.0
champions_league,2023,328,8,0,0.0
champions_league,2023,526,4,0,0.0
champions_league,2023,571,8,0,0.0
champions_league,2023,579,2,0,0.0
champions_league,2023,597,8,0,0.0
champions_league,2023,605,6,0,0.0
champions_league,2023,621,6,0,0.0
champions_league,2023,627,4,0,0.0
champions_league,2023,647,8,0,0.0
champions_league,2023,652,8,0,0.0
champions_league,2023,676,6,0,0.0
champions_league,2023,682,12,0,0.0
champions_league,2023,724,4,0,0.0
champions_league,2023,781,4,0,0.0
champions_league,2023,884,10,0,0.0
champions_league,2023,1001,4,0,0.0
champions_league,2023,1079,6,0,0.0
champions_league,2023,1453,6,0,0.0
champions_league,2023,1970,4,0,0.0
champions_league,2023,2417,6,0,0.0
champions_league,2023,2535,4,0,0.0
champions_league,2023,2673,6,0,0.0
champions_league,2023,2709,2,0,0.0
champions_league,2023,2727,2,0,0.0
champions_league,2023,2742,4,0,0.0
champions_league,2023,2930,8,0,0.0
champions_league,2023,3270,8,0,0.0
champions_league,2023,3357,2,0,0.0
champions_league,2023,3451,2,0,0.0
champions_league,2023,3468,13,0,0.0
champions_league,2023,3859,4,0,0.0
champions_league,2023,5197,2,0,0.0
champions_league,2023,5284,6,0,0.0
champions_league,2023,5317,4,0,0.0
champions_league,2023,5447,2,0,0.0
champions_league,2023,5487,2,0,0.0
champions_league,2023,5909,4,0,0.0
champions_league,2023,6213,4,0,0.0
champions_league,2023,6913,6,0,0.0
champions_league,2023,7980,10,0,0.0
champions_league,2023,8697,2,0,0.0
champions_league,2023,10068,2,0,0.0
champions_league,2023,11235,2,0,0.0
champions_league,2023,11452,2,0,0.0
champions_league,2023,11833,2,0,0.0
champions_league,2023,18968,1,0,0.0
champions_league,2023,28028,2,0,0.0
champions_league,2023,109275,2,0,0.0
champions_league,2023,132687,2,0,0.0
champions_league,2023,134619,2,0,0.0
champions_league,2023,228494,2,0,0.0
champions_league,2024,8,10,0,0.0
champions_league,2024,9,10,0,0.0
champions_league,2024,15,12,0,0.0
champions_league,2024,19,14,0,0.0
champions_league,2024,34,2,0,0.0
champions_league,2024,49,12,0,0.0
champions_league,2024,53,10,0,0.0
champions_league,2024,58,10,0,0.0
champions_league,2024,62,2,0,0.0
champions_league,2024,88,4,0,0.0
champions_league,2024,112,4,0,0.0
champions_league,2024,113,10,0,0.0
champions_league,2024,207,4,0,0.0
champions_league,2024,216,4,0,0.0
champions_league,2024,231,8,0,0.0
champions_league,2024,266,10,0,0.0
champions_league,2024,277,8,0,0.0
champions_league,2024,295,2,0,0.0
champions_league,2024,340,12,0,0.0
champions_league,2024,556,6,0,0.0
champions_league,2024,579,4,0,0.0
champions_league,2024,605,12,0,0.0
champions_league,2024,621,8,0,0.0
champions_league,2024,625,10,0,0.0
champions_league,2024,647,10,0,0.0
champions_league,2024,682,12,0,0.0
champions_league,2024,690,14,0,0.0
champions_league,2024,708,10,0,0.0
champions_league,2024,724,2,0,0.0
champions_league,2024,939,6,0,0.0
champions_league,2024,1114,4,0,0.0
champions_league,2024,1668,6,0,0.0
champions_league,2024,2417,16,0,0.0
champions_league,2024,2604,4,0,0.0
champions_league,2024,2673,10,0,0.0
champions_league,2024,2688,2,0,0.0
champions_league,2024,2727,14,0,0.0
champions_league,2024,2736,2,0,0.0
champions_league,2024,2742,6,0,0.0
champions_league,2024,2930,15,0,0.0
champions_league,2024,2997,2,0,0.0
champions_league,2024,3319,8,0,0.0
champions_league,2024,3357,8,0,0.0
champions_league,2024,3468,14,0,0.0
champions_league,2024,3750,2,0,0.0
champions_league,2024,3791,4,0,0.0
champions_league,2024,3877,4,0,0.0
champions_league,2024,3958,2,0,0.0
champions_league,2024,3998,2,0,0.0
champions_league,2024,5284,4,0,0.0
champions_league,2024,5317,6,0,0.0
champions_league,2024,5504,2,0,0.0
champions_league,2024,5686,2,0,0.0
champions_league,2024,6131,4,0,0.0
champions_league,2024,6556,4,0,0.0
champions_league,2024,6789,10,0,0.0
champions_league,2024,7345,2,0,0.0
champions_league,2024,7980,10,0,0.0
champions_league,2024,8111,4,0,0.0
champions_league,2024,8513,8,0,0.0
champions_league,2024,8697,2,0,0.0
champions_league,2024,10068,4,0,0.0
champions_league,2024,11833,2,0,0.0
champions_league,2024,13775,2,0,0.0
champions_league,2024,17318,4,0,0.0
champions_league,2024,19353,2,0,0.0
champions_league,2024,63383,2,0,0.0
champions_league,2024,132687,2,0,0.0
champions_league,2024,228494,2,0,0.0
copa_do_brasil,2021,48,2,0,0.0
copa_do_brasil,2021,303,4,0,0.0
copa_do_brasil,2021,692,6,0,0.0
copa_do_brasil,2021,696,6,0,0.0
copa_do_brasil,2021,710,2,0,0.0
copa_do_brasil,2021,1024,8,0,0.0
copa_do_brasil,2021,1095,6,0,0.0
copa_do_brasil,2021,2352,1,0,0.0
copa_do_brasil,2021,2592,2,0,0.0
copa_do_brasil,2021,2696,2,0,0.0
copa_do_brasil,2021,2864,2,0,0.0
copa_do_brasil,2021,2925,6,0,0.0
copa_do_brasil,2021,3022,1,0,0.0
copa_do_brasil,2021,3246,1,0,0.0
copa_do_brasil,2021,3371,4,0,0.0
copa_do_brasil,2021,3403,1,0,0.0
copa_do_brasil,2021,3422,2,0,0.0
copa_do_brasil,2021,3427,10,0,0.0
copa_do_brasil,2021,3432,10,0,0.0
copa_do_brasil,2021,3440,6,0,0.0
copa_do_brasil,2021,3478,2,0,0.0
copa_do_brasil,2021,3496,6,0,0.0
copa_do_brasil,2021,3621,10,0,0.0
copa_do_brasil,2021,3684,6,0,0.0
copa_do_brasil,2021,3847,2,0,0.0
copa_do_brasil,2021,3931,2,0,0.0
copa_do_brasil,2021,5463,2,0,0.0
copa_do_brasil,2021,5511,4,0,0.0
copa_do_brasil,2021,5526,2,0,0.0
copa_do_brasil,2021,5533,1,0,0.0
copa_do_brasil,2021,5638,4,0,0.0
copa_do_brasil,2021,5773,1,0,0.0
copa_do_brasil,2021,5956,1,0,0.0
copa_do_brasil,2021,6013,2,0,0.0
copa_do_brasil,2021,6036,6,0,0.0
copa_do_brasil,2021,6188,6,0,0.0
copa_do_brasil,2021,6285,4,0,0.0
copa_do_brasil,2021,6304,1,0,0.0
copa_do_brasil,2021,6325,4,0,0.0
copa_do_brasil,2021,6468,4,0,0.0
copa_do_brasil,2021,6544,6,0,0.0
copa_do_brasil,2021,6764,1,0,0.0
copa_do_brasil,2021,7679,2,0,0.0
copa_do_brasil,2021,7718,1,0,0.0
copa_do_brasil,2021,7808,4,0,0.0
copa_do_brasil,2021,8131,2,0,0.0
copa_do_brasil,2021,8237,1,0,0.0
copa_do_brasil,2021,8331,6,0,0.0
copa_do_brasil,2021,8441,6,0,0.0
copa_do_brasil,2021,8704,2,0,0.0
copa_do_brasil,2021,8728,2,0,0.0
copa_do_brasil,2021,9323,1,0,0.0
copa_do_brasil,2021,9457,1,0,0.0
copa_do_brasil,2021,9804,1,0,0.0
copa_do_brasil,2021,9966,1,0,0.0
copa_do_brasil,2021,10020,1,0,0.0
copa_do_brasil,2021,10080,1,0,0.0
copa_do_brasil,2021,10809,1,0,0.0
copa_do_brasil,2021,10830,1,0,0.0
copa_do_brasil,2021,11126,1,0,0.0
copa_do_brasil,2021,11550,4,0,0.0
copa_do_brasil,2021,11620,1,0,0.0
copa_do_brasil,2021,11642,2,0,0.0
copa_do_brasil,2021,11941,4,0,0.0
copa_do_brasil,2021,11986,1,0,0.0
copa_do_brasil,2021,12180,1,0,0.0
copa_do_brasil,2021,12220,2,0,0.0
copa_do_brasil,2021,12277,2,0,0.0
copa_do_brasil,2021,12406,1,0,0.0
copa_do_brasil,2021,12622,2,0,0.0
copa_do_brasil,2021,13144,1,0,0.0
copa_do_brasil,2021,14684,2,0,0.0
copa_do_brasil,2021,14710,2,0,0.0
copa_do_brasil,2021,14798,1,0,0.0
copa_do_brasil,2021,14810,4,0,0.0
copa_do_brasil,2021,14824,1,0,0.0
copa_do_brasil,2021,14870,1,0,0.0
copa_do_brasil,2021,14905,1,0,0.0
copa_do_brasil,2021,14917,1,0,0.0
copa_do_brasil,2021,14966,1,0,0.0
copa_do_brasil,2021,14968,1,0,0.0
copa_do_brasil,2021,14977,1,0,0.0
copa_do_brasil,2021,14992,1,0,0.0
copa_do_brasil,2021,30117,2,0,0.0
copa_do_brasil,2021,30426,1,0,0.0
copa_do_brasil,2021,31215,2,0,0.0
copa_do_brasil,2021,142941,1,0,0.0
copa_do_brasil,2021,234503,1,0,0.0
copa_do_brasil,2021,238914,1,0,0.0
copa_do_brasil,2021,238915,2,0,0.0
copa_do_brasil,2021,239049,1,0,0.0
copa_do_brasil,2021,239050,1,0,0.0
copa_do_brasil,2022,48,4,0,0.0
copa_do_brasil,2022,104,1,0,0.0
copa_do_brasil,2022,303,10,0,0.0
copa_do_brasil,2022,692,4,0,0.0
copa_do_brasil,2022,696,2,0,0.0
copa_do_brasil,2022,710,1,0,0.0
copa_do_brasil,2022,1024,10,0,0.0
copa_do_brasil,2022,1095,8,0,0.0
copa_do_brasil,2022,2352,1,0,0.0
copa_do_brasil,2022,2505,1,0,0.0
copa_do_brasil,2022,2592,4,0,0.0
copa_do_brasil,2022,2696,1,0,0.0
copa_do_brasil,2022,2864,4,0,0.0
copa_do_brasil,2022,2925,1,0,0.0
copa_do_brasil,2022,3246,1,0,0.0
copa_do_brasil,2022,3371,6,0,0.0
copa_do_brasil,2022,3422,4,0,0.0
copa_do_brasil,2022,3427,4,0,0.0
copa_do_brasil,2022,3432,6,0,0.0
copa_do_brasil,2022,3440,4,0,0.0
copa_do_brasil,2022,3478,2,0,0.0
copa_do_brasil,2022,3496,10,0,0.0
copa_do_brasil,2022,3523,1,0,0.0
copa_do_brasil,2022,3621,6,0,0.0
copa_do_brasil,2022,3672,2,0,0.0
copa_do_brasil,2022,3684,6,0,0.0
copa_do_brasil,2022,3847,4,0,0.0
copa_do_brasil,2022,3931,1,0,0.0
copa_do_brasil,2022,5457,4,0,0.0
copa_do_brasil,2022,5463,4,0,0.0
copa_do_brasil,2022,5514,1,0,0.0
copa_do_brasil,2022,5526,2,0,0.0
copa_do_brasil,2022,5999,1,0,0.0
copa_do_brasil,2022,6036,2,0,0.0
copa_do_brasil,2022,6162,1,0,0.0
copa_do_brasil,2022,6188,1,0,0.0
copa_do_brasil,2022,6285,4,0,0.0
copa_do_brasil,2022,6325,6,0,0.0
copa_do_brasil,2022,6370,1,0,0.0
copa_do_brasil,2022,6468,2,0,0.0
copa_do_brasil,2022,6544,2,0,0.0
copa_do_brasil,2022,6764,2,0,0.0
copa_do_brasil,2022,7469,4,0,0.0
copa_do_brasil,2022,7573,4,0,0.0
copa_do_brasil,2022,7663,1,0,0.0
copa_do_brasil,2022,7808,2,0,0.0
copa_do_brasil,2022,8131,1,0,0.0
copa_do_brasil,2022,8331,8,0,0.0
copa_do_brasil,2022,8441,4,0,0.0
copa_do_brasil,2022,9175,1,0,0.0
copa_do_brasil,2022,9181,1,0,0.0
copa_do_brasil,2022,9323,6,0,0.0
copa_do_brasil,2022,9457,1,0,0.0
copa_do_brasil,2022,9804,2,0,0.0
copa_do_brasil,2022,9902,1,0,0.0
copa_do_brasil,2022,9966,2,0,0.0
copa_do_brasil,2022,10017,1,0,0.0
copa_do_brasil,2022,10830,1,0,0.0
copa_do_brasil,2022,11126,2,0,0.0
copa_do_brasil,2022,11550,2,0,0.0
copa_do_brasil,2022,11642,1,0,0.0
copa_do_brasil,2022,11941,4,0,0.0
copa_do_brasil,2022,11986,1,0,0.0
copa_do_brasil,2022,12156,1,0,0.0
copa_do_brasil,2022,12157,1,0,0.0
copa_do_brasil,2022,12197,1,0,0.0
copa_do_brasil,2022,12217,1,0,0.0
copa_do_brasil,2022,12220,6,0,0.0
copa_do_brasil,2022,12280,1,0,0.0
copa_do_brasil,2022,12418,2,0,0.0
copa_do_brasil,2022,14684,4,0,0.0
copa_do_brasil,2022,14710,1,0,0.0
copa_do_brasil,2022,14768,1,0,0.0
copa_do_brasil,2022,14800,4,0,0.0
copa_do_brasil,2022,14825,2,0,0.0
copa_do_brasil,2022,14861,2,0,0.0
copa_do_brasil,2022,14870,1,0,0.0
copa_do_brasil,2022,14895,2,0,0.0
copa_do_brasil,2022,14917,1,0,0.0
copa_do_brasil,2022,14968,1,0,0.0
copa_do_brasil,2022,30117,2,0,0.0
copa_do_brasil,2022,30399,1,0,0.0
copa_do_brasil,2022,30426,1,0,0.0
copa_do_brasil,2022,58081,1,0,0.0
copa_do_brasil,2022,234223,1,0,0.0
copa_do_brasil,2022,234503,1,0,0.0
copa_do_brasil,2022,237281,1,0,0.0
copa_do_brasil,2022,238997,2,0,0.0
copa_do_brasil,2022,239711,4,0,0.0
copa_do_brasil,2022,252839,2,0,0.0
copa_do_brasil,2022,260210,2,0,0.0
copa_do_brasil,2022,260305,2,0,0.0
copa_do_brasil,2023,48,1,0,0.0
copa_do_brasil,2023,104,4,0,0.0
copa_do_brasil,2023,303,8,0,0.0
copa_do_brasil,2023,692,8,0,0.0
copa_do_brasil,2023,696,2,0,0.0
copa_do_brasil,2023,710,1,0,0.0
copa_do_brasil,2023,1024,10,0,0.0
copa_do_brasil,2023,1095,4,0,0.0
copa_do_brasil,2023,2352,4,0,0.0
copa_do_brasil,2023,2592,4,0,0.0
copa_do_brasil,2023,2696,4,0,0.0
copa_do_brasil,2023,2864,6,0,0.0
copa_do_brasil,2023,2925,10,0,0.0
copa_do_brasil,2023,3022,1,0,0.0
copa_do_brasil,2023,3371,4,0,0.0
copa_do_brasil,2023,3422,6,0,0.0
copa_do_brasil,2023,3427,4,0,0.0
copa_do_brasil,2023,3432,6,0,0.0
copa_do_brasil,2023,3440,1,0,0.0
copa_do_brasil,2023,3478,2,0,0.0
copa_do_brasil,2023,3496,10,0,0.0
copa_do_brasil,2023,3621,4,0,0.0
copa_do_brasil,2023,3684,6,0,0.0
copa_do_brasil,2023,3847,4,0,0.0
copa_do_brasil,2023,3931,2,0,0.0
copa_do_brasil,2023,5463,1,0,0.0
copa_do_brasil,2023,5514,1,0,0.0
copa_do_brasil,2023,5956,1,0,0.0
copa_do_brasil,2023,6013,4,0,0.0
copa_do_brasil,2023,6036,2,0,0.0
copa_do_brasil,2023,6188,4,0,0.0
copa_do_brasil,2023,6276,1,0,0.0
copa_do_brasil,2023,6285,4,0,0.0
copa_do_brasil,2023,6304,2,0,0.0
copa_do_brasil,2023,6325,8,0,0.0
copa_do_brasil,2023,6468,1,0,0.0
copa_do_brasil,2023,6544,4,0,0.0
copa_do_brasil,2023,6764,1,0,0.0
copa_do_brasil,2023,7573,1,0,0.0
copa_do_brasil,2023,7638,1,0,0.0
copa_do_brasil,2023,7663,1,0,0.0
copa_do_brasil,2023,7679,1,0,0.0
copa_do_brasil,2023,7740,1,0,0.0
copa_do_brasil,2023,7808,2,0,0.0
copa_do_brasil,2023,8131,2,0,0.0
copa_do_brasil,2023,8180,1,0,0.0
copa_do_brasil,2023,8331,2,0,0.0
copa_do_brasil,2023,8649,1,0,0.0
copa_do_brasil,2023,9175,4,0,0.0
copa_do_brasil,2023,9181,1,0,0.0
copa_do_brasil,2023,9221,1,0,0.0
copa_do_brasil,2023,9323,2,0,0.0
copa_do_brasil,2023,9457,1,0,0.0
copa_do_brasil,2023,9938,2,0,0.0
copa_do_brasil,2023,10017,4,0,0.0
copa_do_brasil,2023,11550,4,0,0.0
copa_do_brasil,2023,11642,4,0,0.0
copa_do_brasil,2023,11733,2,0,0.0
copa_do_brasil,2023,11941,2,0,0.0
copa_do_brasil,2023,11986,1,0,0.0
copa_do_brasil,2023,12157,4,0,0.0
copa_do_brasil,2023,12162,2,0,0.0
copa_do_brasil,2023,12217,1,0,0.0
copa_do_brasil,2023,12220,2,0,0.0
copa_do_brasil,2023,12230,4,0,0.0
copa_do_brasil,2023,12249,4,0,0.0
copa_do_brasil,2023,12307,2,0,0.0
copa_do_brasil,2023,12317,1,0,0.0
copa_do_brasil,2023,13292,4,0,0.0
copa_do_brasil,2023,14684,2,0,0.0
copa_do_brasil,2023,14710,1,0,0.0
copa_do_brasil,2023,14762,1,0,0.0
copa_do_brasil,2023,14788,1,0,0.0
copa_do_brasil,2023,14800,1,0,0.0
copa_do_brasil,2023,14825,1,0,0.0
copa_do_brasil,2023,14870,2,0,0.0
copa_do_brasil,2023,14895,1,0,0.0
copa_do_brasil,2023,14917,1,0,0.0
copa_do_brasil,2023,14968,1,0,0.0
copa_do_brasil,2023,30094,1,0,0.0
copa_do_brasil,2023,30117,1,0,0.0
copa_do_brasil,2023,30271,1,0,0.0
copa_do_brasil,2023,30278,2,0,0.0
copa_do_brasil,2023,30526,1,0,0.0
copa_do_brasil,2023,31215,2,0,0.0
copa_do_brasil,2023,58081,1,0,0.0
copa_do_brasil,2023,238914,2,0,0.0
copa_do_brasil,2023,238915,2,0,0.0
copa_do_brasil,2023,252839,1,0,0.0
copa_do_brasil,2023,259321,1,0,0.0
copa_do_brasil,2023,260305,1,0,0.0
copa_do_brasil,2024,48,8,0,0.0
copa_do_brasil,2024,104,4,0,0.0
copa_do_brasil,2024,303,10,0,0.0
copa_do_brasil,2024,692,8,0,0.0
copa_do_brasil,2024,696,10,0,0.0
copa_do_brasil,2024,1024,10,0,0.0
copa_do_brasil,2024,1095,4,0,0.0
copa_do_brasil,2024,2352,4,0,0.0
copa_do_brasil,2024,2592,1,0,0.0
copa_do_brasil,2024,2696,4,0,0.0
copa_do_brasil,2024,2864,4,0,0.0
copa_do_brasil,2024,2925,4,0,0.0
copa_do_brasil,2024,3341,2,0,0.0
copa_do_brasil,2024,3371,1,0,0.0
copa_do_brasil,2024,3403,1,0,0.0
copa_do_brasil,2024,3422,4,0,0.0
copa_do_brasil,2024,3427,10,0,0.0
copa_do_brasil,2024,3432,6,0,0.0
copa_do_brasil,2024,3440,2,0,0.0
copa_do_brasil,2024,3478,2,0,0.0
copa_do_brasil,2024,3496,6,0,0.0
copa_do_brasil,2024,3579,2,0,0.0
copa_do_brasil,2024,3621,4,0,0.0
copa_do_brasil,2024,5463,4,0,0.0
copa_do_brasil,2024,5526,1,0,0.0
copa_do_brasil,2024,5638,1,0,0.0
copa_do_brasil,2024,5999,1,0,0.0
copa_do_brasil,2024,6013,4,0,0.0
copa_do_brasil,2024,6036,4,0,0.0
copa_do_brasil,2024,6188,6,0,0.0
copa_do_brasil,2024,6276,2,0,0.0
copa_do_brasil,2024,6285,1,0,0.0
copa_do_brasil,2024,6304,4,0,0.0
copa_do_brasil,2024,6325,1,0,0.0
copa_do_brasil,2024,6425,1,0,0.0
copa_do_brasil,2024,6544,2,0,0.0
copa_do_brasil,2024,6764,4,0,0.0
copa_do_brasil,2024,7469,2,0,0.0
copa_do_brasil,2024,7583,1,0,0.0
copa_do_brasil,2024,7663,1,0,0.0
copa_do_brasil,2024,7679,4,0,0.0
copa_do_brasil,2024,7748,1,0,0.0
copa_do_brasil,2024,7808,4,0,0.0
copa_do_brasil,2024,8131,2,0,0.0
copa_do_brasil,2024,8331,6,0,0.0
copa_do_brasil,2024,8392,2,0,0.0
copa_do_brasil,2024,8649,1,0,0.0
copa_do_brasil,2024,9175,2,0,0.0
copa_do_brasil,2024,9323,4,0,0.0
copa_do_brasil,2024,9938,1,0,0.0
copa_do_brasil,2024,9966,1,0,0.0
copa_do_brasil,2024,10064,1,0,0.0
copa_do_brasil,2024,10080,2,0,0.0
copa_do_brasil,2024,10386,1,0,0.0
copa_do_brasil,2024,11550,1,0,0.0
copa_do_brasil,2024,11642,1,0,0.0
copa_do_brasil,2024,12162,1,0,0.0
copa_do_brasil,2024,12180,1,0,0.0
copa_do_brasil,2024,12217,1,0,0.0
copa_do_brasil,2024,12220,2,0,0.0
copa_do_brasil,2024,12230,2,0,0.0
copa_do_brasil,2024,12249,4,0,0.0
copa_do_brasil,2024,12280,4,0,0.0
copa_do_brasil,2024,12307,2,0,0.0
copa_do_brasil,2024,12406,2,0,0.0
copa_do_brasil,2024,13292,1,0,0.0
copa_do_brasil,2024,14684,2,0,0.0
copa_do_brasil,2024,14694,1,0,0.0
copa_do_brasil,2024,14700,1,0,0.0
copa_do_brasil,2024,14710,4,0,0.0
copa_do_brasil,2024,14798,2,0,0.0
copa_do_brasil,2024,14800,1,0,0.0
copa_do_brasil,2024,14825,1,0,0.0
copa_do_brasil,2024,14870,1,0,0.0
copa_do_brasil,2024,14871,1,0,0.0
copa_do_brasil,2024,14922,1,0,0.0
copa_do_brasil,2024,14923,2,0,0.0
copa_do_brasil,2024,14968,1,0,0.0
copa_do_brasil,2024,30278,1,0,0.0
copa_do_brasil,2024,30399,1,0,0.0
copa_do_brasil,2024,30532,1,0,0.0
copa_do_brasil,2024,30595,1,0,0.0
copa_do_brasil,2024,58081,1,0,0.0
copa_do_brasil,2024,234223,1,0,0.0
copa_do_brasil,2024,234503,2,0,0.0
copa_do_brasil,2024,238915,2,0,0.0
copa_do_brasil,2024,238918,4,0,0.0
copa_do_brasil,2024,239166,2,0,0.0
copa_do_brasil,2024,252839,1,0,0.0
copa_do_brasil,2024,260210,1,0,0.0
copa_do_brasil,2024,260211,1,0,0.0
copa_do_brasil,2025,48,1,0,0.0
copa_do_brasil,2025,303,10,0,0.0
copa_do_brasil,2025,692,6,0,0.0
copa_do_brasil,2025,696,12,0,0.0
copa_do_brasil,2025,1024,4,0,0.0
copa_do_brasil,2025,1095,10,0,0.0
copa_do_brasil,2025,2352,1,0,0.0
copa_do_brasil,2025,2592,2,0,0.0
copa_do_brasil,2025,2696,4,0,0.0
copa_do_brasil,2025,2864,6,0,0.0
copa_do_brasil,2025,2925,4,0,0.0
copa_do_brasil,2025,3371,8,0,0.0
copa_do_brasil,2025,3422,4,0,0.0
copa_do_brasil,2025,3427,8,0,0.0
copa_do_brasil,2025,3432,8,0,0.0
copa_do_brasil,2025,3440,2,0,0.0
copa_do_brasil,2025,3478,2,0,0.0
copa_do_brasil,2025,3496,4,0,0.0
copa_do_brasil,2025,3621,2,0,0.0
copa_do_brasil,2025,3684,2,0,0.0
copa_do_brasil,2025,3847,6,0,0.0
copa_do_brasil,2025,3931,1,0,0.0
copa_do_brasil,2025,5457,1,0,0.0
copa_do_brasil,2025,5463,1,0,0.0
copa_do_brasil,2025,5511,1,0,0.0
copa_do_brasil,2025,5526,2,0,0.0
copa_do_brasil,2025,5663,1,0,0.0
copa_do_brasil,2025,6036,4,0,0.0
copa_do_brasil,2025,6188,4,0,0.0
copa_do_brasil,2025,6285,1,0,0.0
copa_do_brasil,2025,6304,4,0,0.0
copa_do_brasil,2025,6325,1,0,0.0
copa_do_brasil,2025,6350,2,0,0.0
copa_do_brasil,2025,6370,4,0,0.0
copa_do_brasil,2025,6419,1,0,0.0
copa_do_brasil,2025,6425,4,0,0.0
copa_do_brasil,2025,6544,1,0,0.0
copa_do_brasil,2025,6764,1,0,0.0
copa_do_brasil,2025,7469,1,0,0.0
copa_do_brasil,2025,7573,2,0,0.0
copa_do_brasil,2025,7663,1,0,0.0
copa_do_brasil,2025,7679,1,0,0.0
copa_do_brasil,2025,7689,1,0,0.0
copa_do_brasil,2025,7740,4,0,0.0
copa_do_brasil,2025,7808,6,0,0.0
copa_do_brasil,2025,8131,1,0,0.0
copa_do_brasil,2025,8331,2,0,0.0
copa_do_brasil,2025,9175,2,0,0.0
copa_do_brasil,2025,9266,1,0,0.0
copa_do_brasil,2025,9457,1,0,0.0
copa_do_brasil,2025,9938,1,0,0.0
copa_do_brasil,2025,10064,2,0,0.0
copa_do_brasil,2025,10080,2,0,0.0
copa_do_brasil,2025,10386,1,0,0.0
copa_do_brasil,2025,11550,2,0,0.0
copa_do_brasil,2025,11941,4,0,0.0
copa_do_brasil,2025,12157,4,0,0.0
copa_do_brasil,2025,12180,2,0,0.0
copa_do_brasil,2025,12217,1,0,0.0
copa_do_brasil,2025,12220,4,0,0.0
copa_do_brasil,2025,12230,4,0,0.0
copa_do_brasil,2025,12249,1,0,0.0
copa_do_brasil,2025,12280,1,0,0.0
copa_do_brasil,2025,12622,1,0,0.0
copa_do_brasil,2025,14710,4,0,0.0
copa_do_brasil,2025,14750,1,0,0.0
copa_do_brasil,2025,14762,1,0,0.0
copa_do_brasil,2025,14800,1,0,0.0
copa_do_brasil,2025,14812,4,0,0.0
copa_do_brasil,2025,14859,1,0,0.0
copa_do_brasil,2025,14870,1,0,0.0
copa_do_brasil,2025,14895,2,0,0.0
copa_do_brasil,2025,14968,1,0,0.0
copa_do_brasil,2025,30117,2,0,0.0
copa_do_brasil,2025,30140,1,0,0.0
copa_do_brasil,2025,30144,4,0,0.0
copa_do_brasil,2025,30285,2,0,0.0
copa_do_brasil,2025,30399,2,0,0.0
copa_do_brasil,2025,30532,1,0,0.0
copa_do_brasil,2025,35528,1,0,0.0
copa_do_brasil,2025,58081,1,0,0.0
copa_do_brasil,2025,142941,2,0,0.0
copa_do_brasil,2025,234503,2,0,0.0
copa_do_brasil,2025,237097,2,0,0.0
copa_do_brasil,2025,238915,6,0,0.0
copa_do_brasil,2025,238918,1,0,0.0
copa_do_brasil,2025,238997,1,0,0.0
copa_do_brasil,2025,239234,1,0,0.0
copa_do_brasil,2025,249710,1,0,0.0
copa_do_brasil,2025,254061,1,0,0.0
copa_do_brasil,2025,260347,2,0,0.0
fifa_intercontinental_cup,2024,460,2,0,0.0
fifa_intercontinental_cup,2024,1022,1,0,0.0
fifa_intercontinental_cup,2024,2864,1,0,0.0
fifa_intercontinental_cup,2024,3468,1,0,0.0
fifa_intercontinental_cup,2024,7780,2,0,0.0
fifa_intercontinental_cup,2024,10036,3,0,0.0
fifa_world_cup_mens,1930,7030014715658981209,2,0,0.0
fifa_world_cup_mens,1930,7030019513468641247,3,0,0.0
fifa_world_cup_mens,1930,7030055698161060114,3,0,0.0
fifa_world_cup_mens,1930,7030313464302394564,2,0,0.0
fifa_world_cup_mens,1930,7030436684419156506,3,0,0.0
fifa_world_cup_mens,1930,7030456752538593319,2,0,0.0
fifa_world_cup_mens,1930,7030573674695217666,2,0,0.0
fifa_world_cup_mens,1930,7030677663790432694,2,0,0.0
fifa_world_cup_mens,1930,7030758651880281227,3,0,0.0
fifa_world_cup_mens,1930,7030791860762290774,2,0,0.0
fifa_world_cup_mens,1930,7030804317853736961,5,0,0.0
fifa_world_cup_mens,1930,7030883704211735427,4,0,0.0
fifa_world_cup_mens,1930,7030981485851247663,3,0,0.0
fifa_world_cup_mens,1934,7030014715658981209,1,0,0.0
fifa_world_cup_mens,1934,7030026708875084432,2,0,0.0
fifa_world_cup_mens,1934,7030055698161060114,1,0,0.0
fifa_world_cup_mens,1934,7030167035104799597,4,0,0.0
fifa_world_cup_mens,1934,7030313464302394564,1,0,0.0
fifa_world_cup_mens,1934,7030403529540577695,1,0,0.0
fifa_world_cup_mens,1934,7030452031964107577,4,0,0.0
fifa_world_cup_mens,1934,7030456752538593319,1,0,0.0
fifa_world_cup_mens,1934,7030545134325799351,5,0,0.0
fifa_world_cup_mens,1934,7030546947886156533,4,0,0.0
fifa_world_cup_mens,1934,7030612896348323355,2,0,0.0
fifa_world_cup_mens,1934,7030750042375044082,3,0,0.0
fifa_world_cup_mens,1934,7030797588282590825,2,0,0.0
fifa_world_cup_mens,1934,7030804317853736961,1,0,0.0
fifa_world_cup_mens,1934,7030845151900853084,1,0,0.0
fifa_world_cup_mens,1934,7030981485851247663,1,0,0.0
fifa_world_cup_mens,1938,7030000318847925231,1,0,0.0
fifa_world_cup_mens,1938,7030014715658981209,1,0,0.0
fifa_world_cup_mens,1938,7030026708875084432,3,0,0.0
fifa_world_cup_mens,1938,7030055698161060114,2,0,0.0
fifa_world_cup_mens,1938,7030167035104799597,2,0,0.0
fifa_world_cup_mens,1938,7030253628244204588,1,0,0.0
fifa_world_cup_mens,1938,7030313464302394564,2,0,0.0
fifa_world_cup_mens,1938,7030355224030280720,3,0,0.0
fifa_world_cup_mens,1938,7030545134325799351,4,0,0.0
fifa_world_cup_mens,1938,7030546947886156533,3,0,0.0
fifa_world_cup_mens,1938,7030612896348323355,4,0,0.0
fifa_world_cup_mens,1938,7030797588282590825,3,0,0.0
fifa_world_cup_mens,1938,7030844293587873215,1,0,0.0
fifa_world_cup_mens,1938,7030845151900853084,1,0,0.0
fifa_world_cup_mens,1950,7030019513468641247,3,0,0.0
fifa_world_cup_mens,1950,7030026708875084432,5,0,0.0
fifa_world_cup_mens,1950,7030436684419156506,3,0,0.0
fifa_world_cup_mens,1950,7030456752538593319,6,0,0.0
fifa_world_cup_mens,1950,7030545134325799351,2,0,0.0
fifa_world_cup_mens,1950,7030573674695217666,1,0,0.0
fifa_world_cup_mens,1950,7030677663790432694,2,0,0.0
fifa_world_cup_mens,1950,7030750042375044082,6,0,0.0
fifa_world_cup_mens,1950,7030758651880281227,3,0,0.0
fifa_world_cup_mens,1950,7030797588282590825,3,0,0.0
fifa_world_cup_mens,1950,7030881390726831176,3,0,0.0
fifa_world_cup_mens,1950,7030883704211735427,4,0,0.0
fifa_world_cup_mens,1950,7030981485851247663,3,0,0.0
fifa_world_cup_mens,1954,7030014715658981209,2,0,0.0
fifa_world_cup_mens,1954,7030055698161060114,2,0,0.0
fifa_world_cup_mens,1954,7030069810056421591,6,0,0.0
fifa_world_cup_mens,1954,7030338460173589097,3,0,0.0
fifa_world_cup_mens,1954,7030360905738386063,2,0,0.0
fifa_world_cup_mens,1954,7030436684419156506,2,0,0.0
fifa_world_cup_mens,1954,7030452031964107577,5,0,0.0
fifa_world_cup_mens,1954,7030456752538593319,3,0,0.0
fifa_world_cup_mens,1954,7030545134325799351,3,0,0.0
fifa_world_cup_mens,1954,7030546947886156533,2,0,0.0
fifa_world_cup_mens,1954,7030612896348323355,5,0,0.0
fifa_world_cup_mens,1954,7030758651880281227,3,0,0.0
fifa_world_cup_mens,1954,7030797588282590825,4,0,0.0
fifa_world_cup_mens,1954,7030819938108773058,2,0,0.0
fifa_world_cup_mens,1954,7030881390726831176,3,0,0.0
fifa_world_cup_mens,1954,7030883704211735427,5,0,0.0
fifa_world_cup_mens,1958,7030026708875084432,6,0,0.0
fifa_world_cup_mens,1958,7030055698161060114,6,0,0.0
fifa_world_cup_mens,1958,7030069810056421591,6,0,0.0
fifa_world_cup_mens,1958,7030298943635220265,5,0,0.0
fifa_world_cup_mens,1958,7030360905738386063,3,0,0.0
fifa_world_cup_mens,1958,7030436684419156506,3,0,0.0
fifa_world_cup_mens,1958,7030439768098932333,5,0,0.0
fifa_world_cup_mens,1958,7030452031964107577,3,0,0.0
fifa_world_cup_mens,1958,7030456752538593319,6,0,0.0
fifa_world_cup_mens,1958,7030546947886156533,4,0,0.0
fifa_world_cup_mens,1958,7030612896348323355,4,0,0.0
fifa_world_cup_mens,1958,7030677663790432694,3,0,0.0
fifa_world_cup_mens,1958,7030758651880281227,4,0,0.0
fifa_world_cup_mens,1958,7030758982634478019,5,0,0.0
fifa_world_cup_mens,1958,7030804317853736961,3,0,0.0
fifa_world_cup_mens,1958,7030881390726831176,4,0,0.0
fifa_world_cup_mens,1962,7030019513468641247,6,0,0.0
fifa_world_cup_mens,1962,7030069810056421591,4,0,0.0
fifa_world_cup_mens,1962,7030436684419156506,3,0,0.0
fifa_world_cup_mens,1962,7030456752538593319,6,0,0.0
fifa_world_cup_mens,1962,7030545134325799351,3,0,0.0
fifa_world_cup_mens,1962,7030546947886156533,6,0,0.0
fifa_world_cup_mens,1962,7030612896348323355,4,0,0.0
fifa_world_cup_mens,1962,7030658653462203331,3,0,0.0
fifa_world_cup_mens,1962,7030750042375044082,3,0,0.0
fifa_world_cup_mens,1962,7030758651880281227,6,0,0.0
fifa_world_cup_mens,1962,7030758982634478019,4,0,0.0
fifa_world_cup_mens,1962,7030797588282590825,3,0,0.0
fifa_world_cup_mens,1962,7030804317853736961,3,0,0.0
fifa_world_cup_mens,1962,7030881390726831176,4,0,0.0
fifa_world_cup_mens,1962,7030883704211735427,3,0,0.0
fifa_world_cup_mens,1962,7030991384093091376,3,0,0.0
fifa_world_cup_mens,1966,7030019513468641247,3,0,0.0
fifa_world_cup_mens,1966,7030055698161060114,3,0,0.0
fifa_world_cup_mens,1966,7030069810056421591,6,0,0.0
fifa_world_cup_mens,1966,7030276759082996865,6,0,0.0
fifa_world_cup_mens,1966,7030436684419156506,3,0,0.0
fifa_world_cup_mens,1966,7030545134325799351,3,0,0.0
fifa_world_cup_mens,1966,7030598140585355612,4,0,0.0
fifa_world_cup_mens,1966,7030612896348323355,4,0,0.0
fifa_world_cup_mens,1966,7030750042375044082,3,0,0.0
fifa_world_cup_mens,1966,7030758982634478019,6,0,0.0
fifa_world_cup_mens,1966,7030797588282590825,3,0,0.0
fifa_world_cup_mens,1966,7030804317853736961,4,0,0.0
fifa_world_cup_mens,1966,7030881390726831176,6,0,0.0
fifa_world_cup_mens,1966,7030883704211735427,4,0,0.0
fifa_world_cup_mens,1966,7030991384093091376,3,0,0.0
fifa_world_cup_mens,1970,7030014715658981209,3,0,0.0
fifa_world_cup_mens,1970,7030026708875084432,3,0,0.0
fifa_world_cup_mens,1970,7030027036657195930,3,0,0.0
fifa_world_cup_mens,1970,7030069810056421591,6,0,0.0
fifa_world_cup_mens,1970,7030313464302394564,3,0,0.0
fifa_world_cup_mens,1970,7030390721369224216,3,0,0.0
fifa_world_cup_mens,1970,7030436684419156506,4,0,0.0
fifa_world_cup_mens,1970,7030456752538593319,6,0,0.0
fifa_world_cup_mens,1970,7030545134325799351,6,0,0.0
fifa_world_cup_mens,1970,7030546947886156533,3,0,0.0
fifa_world_cup_mens,1970,7030758982634478019,4,0,0.0
fifa_world_cup_mens,1970,7030791860762290774,4,0,0.0
fifa_world_cup_mens,1970,7030881390726831176,4,0,0.0
fifa_world_cup_mens,1970,7030883704211735427,6,0,0.0
fifa_world_cup_mens,1970,7030890775095811152,3,0,0.0
fifa_world_cup_mens,1970,7030991384093091376,3,0,0.0
fifa_world_cup_mens,1974,7030000318847925231,7,0,0.0
fifa_world_cup_mens,1974,7030019513468641247,3,0,0.0
fifa_world_cup_mens,1974,7030026708875084432,6,0,0.0
fifa_world_cup_mens,1974,7030069810056421591,7,0,0.0
fifa_world_cup_mens,1974,7030360905738386063,3,0,0.0
fifa_world_cup_mens,1974,7030425513105639500,3,0,0.0
fifa_world_cup_mens,1974,7030456752538593319,7,0,0.0
fifa_world_cup_mens,1974,7030528676610151617,3,0,0.0
fifa_world_cup_mens,1974,7030545134325799351,3,0,0.0
fifa_world_cup_mens,1974,7030661052346191578,6,0,0.0
fifa_world_cup_mens,1974,7030758651880281227,6,0,0.0
fifa_world_cup_mens,1974,7030798328777613372,3,0,0.0
fifa_world_cup_mens,1974,7030804317853736961,6,0,0.0
fifa_world_cup_mens,1974,7030845151900853084,7,0,0.0
fifa_world_cup_mens,1974,7030883704211735427,3,0,0.0
fifa_world_cup_mens,1974,7030991384093091376,3,0,0.0
fifa_world_cup_mens,1978,7030000318847925231,6,0,0.0
fifa_world_cup_mens,1978,7030026708875084432,3,0,0.0
fifa_world_cup_mens,1978,7030055698161060114,3,0,0.0
fifa_world_cup_mens,1978,7030069810056421591,6,0,0.0
fifa_world_cup_mens,1978,7030360905738386063,3,0,0.0
fifa_world_cup_mens,1978,7030436684419156506,3,0,0.0
fifa_world_cup_mens,1978,7030452031964107577,6,0,0.0
fifa_world_cup_mens,1978,7030456752538593319,7,0,0.0
fifa_world_cup_mens,1978,7030545134325799351,7,0,0.0
fifa_world_cup_mens,1978,7030612896348323355,3,0,0.0
fifa_world_cup_mens,1978,7030750042375044082,3,0,0.0
fifa_world_cup_mens,1978,7030770209115560073,3,0,0.0
fifa_world_cup_mens,1978,7030791860762290774,6,0,0.0
fifa_world_cup_mens,1978,7030804317853736961,7,0,0.0
fifa_world_cup_mens,1978,7030845151900853084,7,0,0.0
fifa_world_cup_mens,1978,7030890593521025659,3,0,0.0
fifa_world_cup_mens,1982,7030000318847925231,7,0,0.0
fifa_world_cup_mens,1982,7030014715658981209,5,0,0.0
fifa_world_cup_mens,1982,7030019513468641247,3,0,0.0
fifa_world_cup_mens,1982,7030027036657195930,3,0,0.0
fifa_world_cup_mens,1982,7030055698161060114,7,0,0.0
fifa_world_cup_mens,1982,7030061328724306729,3,0,0.0
fifa_world_cup_mens,1982,7030069810056421591,7,0,0.0
fifa_world_cup_mens,1982,7030216110813708023,3,0,0.0
fifa_world_cup_mens,1982,7030360905738386063,3,0,0.0
fifa_world_cup_mens,1982,7030413817647232236,3,0,0.0
fifa_world_cup_mens,1982,7030439768098932333,5,0,0.0
fifa_world_cup_mens,1982,7030452031964107577,5,0,0.0
fifa_world_cup_mens,1982,7030456752538593319,5,0,0.0
fifa_world_cup_mens,1982,7030545134325799351,7,0,0.0
fifa_world_cup_mens,1982,7030546947886156533,3,0,0.0
fifa_world_cup_mens,1982,7030612896348323355,3,0,0.0
fifa_world_cup_mens,1982,7030750042375044082,5,0,0.0
fifa_world_cup_mens,1982,7030755748894348214,3,0,0.0
fifa_world_cup_mens,1982,7030758651880281227,3,0,0.0
fifa_world_cup_mens,1982,7030758982634478019,5,0,0.0
fifa_world_cup_mens,1982,7030791860762290774,3,0,0.0
fifa_world_cup_mens,1982,7030804317853736961,5,0,0.0
fifa_world_cup_mens,1982,7030881390726831176,5,0,0.0
fifa_world_cup_mens,1982,7030887274080475239,3,0,0.0
fifa_world_cup_mens,1986,7030000318847925231,4,0,0.0
fifa_world_cup_mens,1986,7030014715658981209,7,0,0.0
fifa_world_cup_mens,1986,7030055698161060114,7,0,0.0
fifa_world_cup_mens,1986,7030069810056421591,7,0,0.0
fifa_world_cup_mens,1986,7030276759082996865,3,0,0.0
fifa_world_cup_mens,1986,7030360905738386063,3,0,0.0
fifa_world_cup_mens,1986,7030424292320181439,3,0,0.0
fifa_world_cup_mens,1986,7030436684419156506,5,0,0.0
fifa_world_cup_mens,1986,7030439768098932333,3,0,0.0
fifa_world_cup_mens,1986,7030456752538593319,5,0,0.0
fifa_world_cup_mens,1986,7030458810819449459,4,0,0.0
fifa_world_cup_mens,1986,7030539295843619133,3,0,0.0
fifa_world_cup_mens,1986,7030545134325799351,4,0,0.0
fifa_world_cup_mens,1986,7030612896348323355,3,0,0.0
fifa_world_cup_mens,1986,7030677663790432694,4,0,0.0
fifa_world_cup_mens,1986,7030750042375044082,5,0,0.0
fifa_world_cup_mens,1986,7030755748894348214,3,0,0.0
fifa_world_cup_mens,1986,7030758982634478019,4,0,0.0
fifa_world_cup_mens,1986,7030804317853736961,7,0,0.0
fifa_world_cup_mens,1986,7030819938108773058,3,0,0.0
fifa_world_cup_mens,1986,7030881390726831176,5,0,0.0
fifa_world_cup_mens,1986,7030883704211735427,4,0,0.0
fifa_world_cup_mens,1986,7030890775095811152,4,0,0.0
fifa_world_cup_mens,1986,7030991384093091376,4,0,0.0
fifa_world_cup_mens,1990,7030014715658981209,4,0,0.0
fifa_world_cup_mens,1990,7030026708875084432,3,0,0.0
fifa_world_cup_mens,1990,7030061328724306729,5,0,0.0
fifa_world_cup_mens,1990,7030069810056421591,7,0,0.0
fifa_world_cup_mens,1990,7030313464302394564,4,0,0.0
fifa_world_cup_mens,1990,7030338561931919045,4,0,0.0
fifa_world_cup_mens,1990,7030360905738386063,3,0,0.0
fifa_world_cup_mens,1990,7030403529540577695,3,0,0.0
fifa_world_cup_mens,1990,7030452031964107577,3,0,0.0
fifa_world_cup_mens,1990,7030456752538593319,4,0,0.0
fifa_world_cup_mens,1990,7030526014718063801,5,0,0.0
fifa_world_cup_mens,1990,7030545134325799351,7,0,0.0
fifa_world_cup_mens,1990,7030546947886156533,5,0,0.0
fifa_world_cup_mens,1990,7030595352384080004,3,0,0.0
fifa_world_cup_mens,1990,7030658653462203331,4,0,0.0
fifa_world_cup_mens,1990,7030750042375044082,4,0,0.0
fifa_world_cup_mens,1990,7030758651880281227,5,0,0.0
fifa_world_cup_mens,1990,7030758982634478019,3,0,0.0
fifa_world_cup_mens,1990,7030804317853736961,7,0,0.0
fifa_world_cup_mens,1990,7030819938108773058,3,0,0.0
fifa_world_cup_mens,1990,7030845151900853084,4,0,0.0
fifa_world_cup_mens,1990,7030881390726831176,7,0,0.0
fifa_world_cup_mens,1990,7030883704211735427,4,0,0.0
fifa_world_cup_mens,1990,7030981485851247663,3,0,0.0
fifa_world_cup_mens,1994,7030014715658981209,4,0,0.0
fifa_world_cup_mens,1994,7030026708875084432,7,0,0.0
fifa_world_cup_mens,1994,7030061328724306729,3,0,0.0
fifa_world_cup_mens,1994,7030137610965637118,3,0,0.0
fifa_world_cup_mens,1994,7030167035104799597,5,0,0.0
fifa_world_cup_mens,1994,7030313464302394564,5,0,0.0
fifa_world_cup_mens,1994,7030436684419156506,4,0,0.0
fifa_world_cup_mens,1994,7030456752538593319,7,0,0.0
fifa_world_cup_mens,1994,7030526014718063801,4,0,0.0
fifa_world_cup_mens,1994,7030545134325799351,7,0,0.0
fifa_world_cup_mens,1994,7030573674695217666,3,0,0.0
fifa_world_cup_mens,1994,7030655906623246781,3,0,0.0
fifa_world_cup_mens,1994,7030658653462203331,3,0,0.0
fifa_world_cup_mens,1994,7030709518438899287,4,0,0.0
fifa_world_cup_mens,1994,7030750042375044082,5,0,0.0
fifa_world_cup_mens,1994,7030797588282590825,4,0,0.0
fifa_world_cup_mens,1994,7030804317853736961,4,0,0.0
fifa_world_cup_mens,1994,7030819938108773058,3,0,0.0
fifa_world_cup_mens,1994,7030844293587873215,3,0,0.0
fifa_world_cup_mens,1994,7030845151900853084,5,0,0.0
fifa_world_cup_mens,1994,7030890775095811152,3,0,0.0
fifa_world_cup_mens,1994,7030902071214775495,4,0,0.0
fifa_world_cup_mens,1994,7030981485851247663,4,0,0.0
fifa_world_cup_mens,1994,7030991384093091376,7,0,0.0
fifa_world_cup_mens,1998,7030014715658981209,3,0,0.0
fifa_world_cup_mens,1998,7030019513468641247,4,0,0.0
fifa_world_cup_mens,1998,7030055698161060114,7,0,0.0
fifa_world_cup_mens,1998,7030061328724306729,3,0,0.0
fifa_world_cup_mens,1998,7030167035104799597,5,0,0.0
fifa_world_cup_mens,1998,7030167412132839666,7,0,0.0
fifa_world_cup_mens,1998,7030182915213182598,3,0,0.0
fifa_world_cup_mens,1998,7030313464302394564,4,0,0.0
fifa_world_cup_mens,1998,7030360905738386063,3,0,0.0
fifa_world_cup_mens,1998,7030376373289330911,3,0,0.0
fifa_world_cup_mens,1998,7030432957294226557,3,0,0.0
fifa_world_cup_mens,1998,7030436684419156506,4,0,0.0
fifa_world_cup_mens,1998,7030452031964107577,3,0,0.0
fifa_world_cup_mens,1998,7030456752538593319,7,0,0.0
fifa_world_cup_mens,1998,7030458810819449459,5,0,0.0
fifa_world_cup_mens,1998,7030545134325799351,5,0,0.0
fifa_world_cup_mens,1998,7030658653462203331,3,0,0.0
fifa_world_cup_mens,1998,7030677663790432694,4,0,0.0
fifa_world_cup_mens,1998,7030709518438899287,3,0,0.0
fifa_world_cup_mens,1998,7030750042375044082,3,0,0.0
fifa_world_cup_mens,1998,7030758651880281227,4,0,0.0
fifa_world_cup_mens,1998,7030770209115560073,3,0,0.0
fifa_world_cup_mens,1998,7030804317853736961,5,0,0.0
fifa_world_cup_mens,1998,7030819938108773058,3,0,0.0
fifa_world_cup_mens,1998,7030844293587873215,4,0,0.0
fifa_world_cup_mens,1998,7030845151900853084,7,0,0.0
fifa_world_cup_mens,1998,7030881390726831176,4,0,0.0
fifa_world_cup_mens,1998,7030890593521025659,3,0,0.0
fifa_world_cup_mens,1998,7030890775095811152,3,0,0.0
fifa_world_cup_mens,1998,7030902071214775495,4,0,0.0
fifa_world_cup_mens,1998,7030981485851247663,3,0,0.0
fifa_world_cup_mens,1998,7030991384093091376,3,0,0.0
fifa_world_cup_mens,2002,7030000318847925231,3,0,0.0
fifa_world_cup_mens,2002,7030014715658981209,4,0,0.0
fifa_world_cup_mens,2002,7030026708875084432,4,0,0.0
fifa_world_cup_mens,2002,7030055698161060114,3,0,0.0
fifa_world_cup_mens,2002,7030061328724306729,3,0,0.0
fifa_world_cup_mens,2002,7030167035104799597,7,0,0.0
fifa_world_cup_mens,2002,7030167412132839666,3,0,0.0
fifa_world_cup_mens,2002,7030276759082996865,3,0,0.0
fifa_world_cup_mens,2002,7030338460173589097,7,0,0.0
fifa_world_cup_mens,2002,7030338561931919045,3,0,0.0
fifa_world_cup_mens,2002,7030376373289330911,4,0,0.0
fifa_world_cup_mens,2002,7030427993541383370,3,0,0.0
fifa_world_cup_mens,2002,7030432957294226557,3,0,0.0
fifa_world_cup_mens,2002,7030436684419156506,4,0,0.0
fifa_world_cup_mens,2002,7030456752538593319,7,0,0.0
fifa_world_cup_mens,2002,7030458810819449459,4,0,0.0
fifa_world_cup_mens,2002,7030526014718063801,4,0,0.0
fifa_world_cup_mens,2002,7030527995726116350,3,0,0.0
fifa_world_cup_mens,2002,7030545134325799351,4,0,0.0
fifa_world_cup_mens,2002,7030655906623246781,3,0,0.0
fifa_world_cup_mens,2002,7030677663790432694,4,0,0.0
fifa_world_cup_mens,2002,7030709518438899287,3,0,0.0
fifa_world_cup_mens,2002,7030741134188876754,5,0,0.0
fifa_world_cup_mens,2002,7030749987074521227,3,0,0.0
fifa_world_cup_mens,2002,7030750042375044082,5,0,0.0
fifa_world_cup_mens,2002,7030804317853736961,3,0,0.0
fifa_world_cup_mens,2002,7030819938108773058,7,0,0.0
fifa_world_cup_mens,2002,7030881390726831176,5,0,0.0
fifa_world_cup_mens,2002,7030883704211735427,3,0,0.0
fifa_world_cup_mens,2002,7030890593521025659,3,0,0.0
fifa_world_cup_mens,2002,7030902071214775495,3,0,0.0
fifa_world_cup_mens,2002,7030981485851247663,5,0,0.0
fifa_world_cup_mens,2006,7030000318847925231,3,0,0.0
fifa_world_cup_mens,2006,7030026708875084432,4,0,0.0
fifa_world_cup_mens,2006,7030055698161060114,7,0,0.0
fifa_world_cup_mens,2006,7030076200507552669,3,0,0.0
fifa_world_cup_mens,2006,7030167035104799597,7,0,0.0
fifa_world_cup_mens,2006,7030167412132839666,3,0,0.0
fifa_world_cup_mens,2006,7030276759082996865,7,0,0.0
fifa_world_cup_mens,2006,7030284267405402592,3,0,0.0
fifa_world_cup_mens,2006,7030338561931919045,3,0,0.0
fifa_world_cup_mens,2006,7030376373289330911,3,0,0.0
fifa_world_cup_mens,2006,7030387421992520955,4,0,0.0
fifa_world_cup_mens,2006,7030427993541383370,4,0,0.0
fifa_world_cup_mens,2006,7030436684419156506,4,0,0.0
fifa_world_cup_mens,2006,7030456752538593319,5,0,0.0
fifa_world_cup_mens,2006,7030504881278878271,3,0,0.0
fifa_world_cup_mens,2006,7030545134325799351,7,0,0.0
fifa_world_cup_mens,2006,7030651194192465147,5,0,0.0
fifa_world_cup_mens,2006,7030677663790432694,3,0,0.0
fifa_world_cup_mens,2006,7030709518438899287,3,0,0.0
fifa_world_cup_mens,2006,7030742116623305582,3,0,0.0
fifa_world_cup_mens,2006,7030750042375044082,4,0,0.0
fifa_world_cup_mens,2006,7030770209115560073,3,0,0.0
fifa_world_cup_mens,2006,7030797588282590825,4,0,0.0
fifa_world_cup_mens,2006,7030798328777613372,4,0,0.0
fifa_world_cup_mens,2006,7030804317853736961,5,0,0.0
fifa_world_cup_mens,2006,7030819938108773058,3,0,0.0
fifa_world_cup_mens,2006,7030845151900853084,4,0,0.0
fifa_world_cup_mens,2006,7030852409629203931,3,0,0.0
fifa_world_cup_mens,2006,7030855009887557334,3,0,0.0
fifa_world_cup_mens,2006,7030881390726831176,5,0,0.0
fifa_world_cup_mens,2006,7030890593521025659,3,0,0.0
fifa_world_cup_mens,2006,7030981485851247663,3,0,0.0
fifa_world_cup_mens,2010,7030019513468641247,4,0,0.0
fifa_world_cup_mens,2010,7030055698161060114,3,0,0.0
fifa_world_cup_mens,2010,7030061328724306729,3,0,0.0
fifa_world_cup_mens,2010,7030137610965637118,3,0,0.0
fifa_world_cup_mens,2010,7030167035104799597,7,0,0.0
fifa_world_cup_mens,2010,7030276759082996865,4,0,0.0
fifa_world_cup_mens,2010,7030376373289330911,4,0,0.0
fifa_world_cup_mens,2010,7030387421992520955,5,0,0.0
fifa_world_cup_mens,2010,7030413817647232236,3,0,0.0
fifa_world_cup_mens,2010,7030432957294226557,3,0,0.0
fifa_world_cup_mens,2010,7030436684419156506,4,0,0.0
fifa_world_cup_mens,2010,7030456752538593319,5,0,0.0
fifa_world_cup_mens,2010,7030458810819449459,3,0,0.0
fifa_world_cup_mens,2010,7030545134325799351,3,0,0.0
fifa_world_cup_mens,2010,7030598140585355612,3,0,0.0
fifa_world_cup_mens,2010,7030677663790432694,5,0,0.0
fifa_world_cup_mens,2010,7030684048803333445,3,0,0.0
fifa_world_cup_mens,2010,7030689120036992715,4,0,0.0
fifa_world_cup_mens,2010,7030749987074521227,3,0,0.0
fifa_world_cup_mens,2010,7030750042375044082,7,0,0.0
fifa_world_cup_mens,2010,7030755748894348214,3,0,0.0
fifa_world_cup_mens,2010,7030797588282590825,3,0,0.0
fifa_world_cup_mens,2010,7030798328777613372,3,0,0.0
fifa_world_cup_mens,2010,7030804317853736961,5,0,0.0
fifa_world_cup_mens,2010,7030819938108773058,4,0,0.0
fifa_world_cup_mens,2010,7030845151900853084,7,0,0.0
fifa_world_cup_mens,2010,7030855009887557334,3,0,0.0
fifa_world_cup_mens,2010,7030881390726831176,4,0,0.0
fifa_world_cup_mens,2010,7030883704211735427,7,0,0.0
fifa_world_cup_mens,2010,7030887274080475239,3,0,0.0
fifa_world_cup_mens,2010,7030902071214775495,3,0,0.0
fifa_world_cup_mens,2010,7030981485851247663,4,0,0.0
fifa_world_cup_mens,2014,7030014715658981209,5,0,0.0
fifa_world_cup_mens,2014,7030019513468641247,4,0,0.0
fifa_world_cup_mens,2014,7030055698161060114,5,0,0.0
fifa_world_cup_mens,2014,7030061328724306729,3,0,0.0
fifa_world_cup_mens,2014,7030137610965637118,4,0,0.0
fifa_world_cup_mens,2014,7030167035104799597,7,0,0.0
fifa_world_cup_mens,2014,7030167412132839666,3,0,0.0
fifa_world_cup_mens,2014,7030276759082996865,3,0,0.0
fifa_world_cup_mens,2014,7030338561931919045,5,0,0.0
fifa_world_cup_mens,2014,7030376373289330911,3,0,0.0
fifa_world_cup_mens,2014,7030387421992520955,3,0,0.0
fifa_world_cup_mens,2014,7030427993541383370,3,0,0.0
fifa_world_cup_mens,2014,7030436684419156506,4,0,0.0
fifa_world_cup_mens,2014,7030445074848559029,3,0,0.0
fifa_world_cup_mens,2014,7030456752538593319,7,0,0.0
fifa_world_cup_mens,2014,7030545134325799351,3,0,0.0
fifa_world_cup_mens,2014,7030655906623246781,3,0,0.0
fifa_world_cup_mens,2014,7030658653462203331,5,0,0.0
fifa_world_cup_mens,2014,7030750042375044082,3,0,0.0
fifa_world_cup_mens,2014,7030755748894348214,4,0,0.0
fifa_world_cup_mens,2014,7030770209115560073,3,0,0.0
fifa_world_cup_mens,2014,7030797588282590825,4,0,0.0
fifa_world_cup_mens,2014,7030798328777613372,3,0,0.0
fifa_world_cup_mens,2014,7030804317853736961,7,0,0.0
fifa_world_cup_mens,2014,7030819938108773058,3,0,0.0
fifa_world_cup_mens,2014,7030845151900853084,7,0,0.0
fifa_world_cup_mens,2014,7030855009887557334,3,0,0.0
fifa_world_cup_mens,2014,7030881390726831176,3,0,0.0
fifa_world_cup_mens,2014,7030883704211735427,4,0,0.0
fifa_world_cup_mens,2014,7030887274080475239,3,0,0.0
fifa_world_cup_mens,2014,7030902071214775495,4,0,0.0
fifa_world_cup_mens,2014,7030981485851247663,4,0,0.0
fifa_world_cup_mens,2018,7030000318847925231,3,0,0.0
fifa_world_cup_mens,2018,7030014715658981209,7,0,0.0
fifa_world_cup_mens,2018,7030026708875084432,5,0,0.0
fifa_world_cup_mens,2018,7030055698161060114,7,0,0.0
fifa_world_cup_mens,2018,7030167035104799597,3,0,0.0
fifa_world_cup_mens,2018,7030167412132839666,7,0,0.0
fifa_world_cup_mens,2018,7030276759082996865,4,0,0.0
fifa_world_cup_mens,2018,7030338561931919045,3,0,0.0
fifa_world_cup_mens,2018,7030376373289330911,4,0,0.0
fifa_world_cup_mens,2018,7030403529540577695,3,0,0.0
fifa_world_cup_mens,2018,7030436684419156506,4,0,0.0
fifa_world_cup_mens,2018,7030456752538593319,5,0,0.0
fifa_world_cup_mens,2018,7030458810819449459,4,0,0.0
fifa_world_cup_mens,2018,7030598525093323001,3,0,0.0
fifa_world_cup_mens,2018,7030602999051572793,3,0,0.0
fifa_world_cup_mens,2018,7030655906623246781,5,0,0.0
fifa_world_cup_mens,2018,7030658653462203331,4,0,0.0
fifa_world_cup_mens,2018,7030684048803333445,3,0,0.0
fifa_world_cup_mens,2018,7030709518438899287,3,0,0.0
fifa_world_cup_mens,2018,7030741134188876754,3,0,0.0
fifa_world_cup_mens,2018,7030750042375044082,4,0,0.0
fifa_world_cup_mens,2018,7030770209115560073,3,0,0.0
fifa_world_cup_mens,2018,7030791860762290774,3,0,0.0
fifa_world_cup_mens,2018,7030797588282590825,4,0,0.0
fifa_world_cup_mens,2018,7030798328777613372,3,0,0.0
fifa_world_cup_mens,2018,7030804317853736961,4,0,0.0
fifa_world_cup_mens,2018,7030819938108773058,3,0,0.0
fifa_world_cup_mens,2018,7030881390726831176,7,0,0.0
fifa_world_cup_mens,2018,7030883704211735427,5,0,0.0
fifa_world_cup_mens,2018,7030890593521025659,3,0,0.0
fifa_world_cup_mens,2018,7030890775095811152,3,0,0.0
fifa_world_cup_mens,2018,7030902071214775495,3,0,0.0
fifa_world_cup_mens,2022,7030000318847925231,4,0,0.0
fifa_world_cup_mens,2022,7030014715658981209,3,0,0.0
fifa_world_cup_mens,2022,7030055698161060114,7,0,0.0
fifa_world_cup_mens,2022,7030061328724306729,3,0,0.0
fifa_world_cup_mens,2022,7030167035104799597,3,0,0.0
fifa_world_cup_mens,2022,7030167412132839666,7,0,0.0
fifa_world_cup_mens,2022,7030276759082996865,5,0,0.0
fifa_world_cup_mens,2022,7030298943635220265,3,0,0.0
fifa_world_cup_mens,2022,7030338561931919045,3,0,0.0
fifa_world_cup_mens,2022,7030376373289330911,4,0,0.0
fifa_world_cup_mens,2022,7030387421992520955,3,0,0.0
fifa_world_cup_mens,2022,7030424292320181439,3,0,0.0
fifa_world_cup_mens,2022,7030427993541383370,3,0,0.0
fifa_world_cup_mens,2022,7030436684419156506,3,0,0.0
fifa_world_cup_mens,2022,7030456752538593319,5,0,0.0
fifa_world_cup_mens,2022,7030458810819449459,3,0,0.0
fifa_world_cup_mens,2022,7030684048803333445,3,0,0.0
fifa_world_cup_mens,2022,7030709518438899287,3,0,0.0
fifa_world_cup_mens,2022,7030741134188876754,4,0,0.0
fifa_world_cup_mens,2022,7030750042375044082,4,0,0.0
fifa_world_cup_mens,2022,7030770209115560073,3,0,0.0
fifa_world_cup_mens,2022,7030797588282590825,4,0,0.0
fifa_world_cup_mens,2022,7030798328777613372,4,0,0.0
fifa_world_cup_mens,2022,7030804317853736961,7,0,0.0
fifa_world_cup_mens,2022,7030819938108773058,4,0,0.0
fifa_world_cup_mens,2022,7030845151900853084,5,0,0.0
fifa_world_cup_mens,2022,7030881390726831176,5,0,0.0
fifa_world_cup_mens,2022,7030882825595867654,3,0,0.0
fifa_world_cup_mens,2022,7030883704211735427,3,0,0.0
fifa_world_cup_mens,2022,7030890593521025659,3,0,0.0
fifa_world_cup_mens,2022,7030890775095811152,7,0,0.0
fifa_world_cup_mens,2022,7030981485851247663,4,0,0.0
la_liga,2020,36,38,0,0.0
la_liga,2020,60,38,0,0.0
la_liga,2020,83,38,0,0.0
la_liga,2020,103,38,0,0.0
la_liga,2020,106,38,0,0.0
la_liga,2020,214,38,0,0.0
la_liga,2020,274,38,0,0.0
la_liga,2020,361,38,0,0.0
la_liga,2020,459,38,0,0.0
la_liga,2020,485,38,0,0.0
la_liga,2020,676,38,0,0.0
la_liga,2020,1099,38,0,0.0
la_liga,2020,3457,38,0,0.0
la_liga,2020,3468,38,0,0.0
la_liga,2020,3477,38,0,0.0
la_liga,2020,6827,38,0,0.0
la_liga,2020,7980,38,0,0.0
la_liga,2021,36,38,0,0.0
la_liga,2021,83,38,0,0.0
la_liga,2021,103,38,0,0.0
la_liga,2021,106,38,0,0.0
la_liga,2021,214,38,0,0.0
la_liga,2021,377,38,0,0.0
la_liga,2021,459,38,0,0.0
la_liga,2021,485,38,0,0.0
la_liga,2021,528,38,0,0.0
la_liga,2021,645,38,0,0.0
la_liga,2021,676,38,0,0.0
la_liga,2021,1099,38,0,0.0
la_liga,2021,3457,38,0,0.0
la_liga,2021,3468,38,0,0.0
la_liga,2021,3477,38,0,0.0
la_liga,2021,6827,38,0,0.0
la_liga,2021,7980,38,0,0.0
la_liga,2022,36,38,0,0.0
la_liga,2022,83,38,0,0.0
la_liga,2022,106,38,0,0.0
la_liga,2022,214,38,0,0.0
la_liga,2022,231,38,0,0.0
la_liga,2022,361,38,0,0.0
la_liga,2022,377,38,0,0.0
la_liga,2022,459,38,0,0.0
la_liga,2022,485,38,0,0.0
la_liga,2022,528,38,0,0.0
la_liga,2022,618,38,0,0.0
la_liga,2022,645,38,0,0.0
la_liga,2022,676,38,0,0.0
la_liga,2022,1099,38,0,0.0
la_liga,2022,3468,38,0,0.0
la_liga,2022,3477,38,0,0.0
la_liga,2022,6827,38,0,0.0
la_liga,2022,7980,38,0,0.0
la_liga,2023,36,38,0,0.0
la_liga,2023,103,38,0,0.0
la_liga,2023,106,38,0,0.0
la_liga,2023,214,38,0,0.0
la_liga,2023,231,38,0,0.0
la_liga,2023,377,38,0,0.0
la_liga,2023,459,38,0,0.0
la_liga,2023,485,38,0,0.0
la_liga,2023,618,38,0,0.0
la_liga,2023,645,38,0,0.0
la_liga,2023,676,38,0,0.0
la_liga,2023,2921,38,0,0.0
la_liga,2023,3468,38,0,0.0
la_liga,2023,3477,38,0,0.0
la_liga,2023,6827,38,0,0.0
la_liga,2023,7980,38,0,0.0
la_liga,2024,36,38,0,0.0
la_liga,2024,106,38,0,0.0
la_liga,2024,214,38,0,0.0
la_liga,2024,231,38,0,0.0
la_liga,2024,361,38,0,0.0
la_liga,2024,377,38,0,0.0
la_liga,2024,459,38,0,0.0
la_liga,2024,485,38,0,0.0
la_liga,2024,528,38,0,0.0
la_liga,2024,594,38,0,0.0
la_liga,2024,645,38,0,0.0
la_liga,2024,676,38,0,0.0
la_liga,2024,844,38,0,0.0
la_liga,2024,2921,38,0,0.0
la_liga,2024,3468,38,0,0.0
la_liga,2024,3477,38,0,0.0
la_liga,2024,7980,38,0,0.0
libertadores,2021,175,2,0,0.0
libertadores,2021,456,2,0,0.0
libertadores,2021,472,12,0,0.0
libertadores,2021,520,4,0,0.0
libertadores,2021,587,8,0,0.0
libertadores,2021,828,6,0,0.0
libertadores,2021,976,2,0,0.0
libertadores,2021,1024,13,0,0.0
libertadores,2021,1095,10,0,0.0
libertadores,2021,2696,8,0,0.0
libertadores,2021,2710,8,0,0.0
libertadores,2021,2925,4,0,0.0
libertadores,2021,3408,8,0,0.0
libertadores,2021,3422,13,0,0.0
libertadores,2021,3427,12,0,0.0
libertadores,2021,3496,10,0,0.0
libertadores,2021,3608,8,0,0.0
libertadores,2021,3684,10,0,0.0
libertadores,2021,3807,2,0,0.0
libertadores,2021,6308,4,0,0.0
libertadores,2021,6597,10,0,0.0
libertadores,2021,7792,10,0,0.0
libertadores,2021,8175,6,0,0.0
libertadores,2021,8339,6,0,0.0
libertadores,2021,8390,6,0,0.0
libertadores,2021,9398,2,0,0.0
libertadores,2021,9561,8,0,0.0
libertadores,2021,9904,8,0,0.0
libertadores,2021,10002,10,0,0.0
libertadores,2021,10024,6,0,0.0
libertadores,2021,10258,2,0,0.0
libertadores,2021,10661,6,0,0.0
libertadores,2021,10779,6,0,0.0
libertadores,2021,10982,4,0,0.0
libertadores,2021,11646,6,0,0.0
libertadores,2021,12294,4,0,0.0
libertadores,2021,12506,6,0,0.0
libertadores,2021,13330,6,0,0.0
libertadores,2021,13843,2,0,0.0
libertadores,2021,14635,10,0,0.0
libertadores,2021,15327,4,0,0.0
libertadores,2021,15605,4,0,0.0
libertadores,2021,15606,10,0,0.0
libertadores,2021,147867,2,0,0.0
libertadores,2021,234259,6,0,0.0
libertadores,2022,303,10,0,0.0
libertadores,2022,472,6,0,0.0
libertadores,2022,587,8,0,0.0
libertadores,2022,828,6,0,0.0
libertadores,2022,1024,13,0,0.0
libertadores,2022,1095,4,0,0.0
libertadores,2022,2710,6,0,0.0
libertadores,2022,3338,6,0,0.0
libertadores,2022,3408,8,0,0.0
libertadores,2022,3422,12,0,0.0
libertadores,2022,3427,10,0,0.0
libertadores,2022,3432,13,0,0.0
libertadores,2022,3621,8,0,0.0
libertadores,2022,3807,2,0,0.0
libertadores,2022,3930,8,0,0.0
libertadores,2022,5479,2,0,0.0
libertadores,2022,6308,4,0,0.0
libertadores,2022,6325,10,0,0.0
libertadores,2022,6597,2,0,0.0
libertadores,2022,7808,6,0,0.0
libertadores,2022,7810,2,0,0.0
libertadores,2022,7930,6,0,0.0
libertadores,2022,8046,2,0,0.0
libertadores,2022,8175,2,0,0.0
libertadores,2022,8390,6,0,0.0
libertadores,2022,9335,14,0,0.0
libertadores,2022,9398,2,0,0.0
libertadores,2022,9904,12,0,0.0
libertadores,2022,9917,2,0,0.0
libertadores,2022,9999,10,0,0.0
libertadores,2022,10002,8,0,0.0
libertadores,2022,10024,10,0,0.0
libertadores,2022,10046,2,0,0.0
libertadores,2022,10204,8,0,0.0
libertadores,2022,10661,6,0,0.0
libertadores,2022,10671,6,0,0.0
libertadores,2022,10683,8,0,0.0
libertadores,2022,10982,8,0,0.0
libertadores,2022,12294,6,0,0.0
libertadores,2022,14635,6,0,0.0
libertadores,2022,15064,4,0,0.0
libertadores,2022,15327,4,0,0.0
libertadores,2022,15605,2,0,0.0
libertadores,2022,15606,12,0,0.0
libertadores,2022,234259,6,0,0.0
libertadores,2022,251684,6,0,0.0
libertadores,2023,208,6,0,0.0
libertadores,2023,303,6,0,0.0
libertadores,2023,332,10,0,0.0
libertadores,2023,472,6,0,0.0
libertadores,2023,587,13,0,0.0
libertadores,2023,828,8,0,0.0
libertadores,2023,976,6,0,0.0
libertadores,2023,1024,8,0,0.0
libertadores,2023,1095,13,0,0.0
libertadores,2023,2433,4,0,0.0
libertadores,2023,2674,4,0,0.0
libertadores,2023,2696,12,0,0.0
libertadores,2023,3139,4,0,0.0
libertadores,2023,3408,10,0,0.0
libertadores,2023,3422,12,0,0.0
libertadores,2023,3427,12,0,0.0
libertadores,2023,3432,8,0,0.0
libertadores,2023,3480,4,0,0.0
libertadores,2023,3621,4,0,0.0
libertadores,2023,5476,4,0,0.0
libertadores,2023,6308,10,0,0.0
libertadores,2023,6597,8,0,0.0
libertadores,2023,6969,6,0,0.0
libertadores,2023,7672,2,0,0.0
libertadores,2023,7738,2,0,0.0
libertadores,2023,7810,4,0,0.0
libertadores,2023,7930,6,0,0.0
libertadores,2023,8239,6,0,0.0
libertadores,2023,8260,10,0,0.0
libertadores,2023,8384,2,0,0.0
libertadores,2023,9404,2,0,0.0
libertadores,2023,10002,8,0,0.0
libertadores,2023,10024,6,0,0.0
libertadores,2023,10046,6,0,0.0
libertadores,2023,10661,10,0,0.0
libertadores,2023,10671,6,0,0.0
libertadores,2023,10982,6,0,0.0
libertadores,2023,11370,6,0,0.0
libertadores,2023,12408,6,0,0.0
libertadores,2023,12562,2,0,0.0
libertadores,2023,13671,2,0,0.0
libertadores,2023,14635,8,0,0.0
libertadores,2023,15327,2,0,0.0
libertadores,2023,15606,10,0,0.0
libertadores,2023,234259,2,0,0.0
libertadores,2024,172,2,0,0.0
libertadores,2024,208,2,0,0.0
libertadores,2024,472,6,0,0.0
libertadores,2024,520,8,0,0.0
libertadores,2024,828,12,0,0.0
libertadores,2024,976,6,0,0.0
libertadores,2024,1024,10,0,0.0
libertadores,2024,1095,10,0,0.0
libertadores,2024,2433,2,0,0.0
libertadores,2024,2864,17,0,0.0
libertadores,2024,2925,8,0,0.0
libertadores,2024,3338,12,0,0.0
libertadores,2024,3365,6,0,0.0
libertadores,2024,3408,6,0,0.0
libertadores,2024,3422,8,0,0.0
libertadores,2024,3427,13,0,0.0
libertadores,2024,3480,6,0,0.0
libertadores,2024,3496,10,0,0.0
libertadores,2024,6292,6,0,0.0
libertadores,2024,6308,8,0,0.0
libertadores,2024,6597,2,0,0.0
libertadores,2024,7792,8,0,0.0
libertadores,2024,7808,4,0,0.0
libertadores,2024,7810,6,0,0.0
libertadores,2024,7930,14,0,0.0
libertadores,2024,8137,2,0,0.0
libertadores,2024,8175,6,0,0.0
libertadores,2024,8239,2,0,0.0
libertadores,2024,8390,6,0,0.0
libertadores,2024,9335,6,0,0.0
libertadores,2024,9890,10,0,0.0
libertadores,2024,9999,8,0,0.0
libertadores,2024,10002,12,0,0.0
libertadores,2024,10024,8,0,0.0
libertadores,2024,10661,2,0,0.0
libertadores,2024,10671,6,0,0.0
libertadores,2024,10779,6,0,0.0
libertadores,2024,10982,6,0,0.0
libertadores,2024,10987,2,0,0.0
libertadores,2024,11013,4,0,0.0
libertadores,2024,12294,6,0,0.0
libertadores,2024,14594,4,0,0.0
libertadores,2024,14635,6,0,0.0
libertadores,2024,15061,6,0,0.0
libertadores,2024,15935,2,0,0.0
libertadores,2024,15995,4,0,0.0
libertadores,2024,234259,4,0,0.0
libertadores,2025,175,6,0,0.0
libertadores,2025,208,4,0,0.0
libertadores,2025,303,4,0,0.0
libertadores,2025,472,10,0,0.0
libertadores,2025,587,2,0,0.0
libertadores,2025,692,10,0,0.0
libertadores,2025,828,6,0,0.0
libertadores,2025,1024,13,0,0.0
libertadores,2025,2433,4,0,0.0
libertadores,2025,2696,8,0,0.0
libertadores,2025,2864,8,0,0.0
libertadores,2025,3338,8,0,0.0
libertadores,2025,3408,12,0,0.0
libertadores,2025,3422,13,0,0.0
libertadores,2025,3480,2,0,0.0
libertadores,2025,3496,10,0,0.0
libertadores,2025,3621,8,0,0.0
libertadores,2025,5476,4,0,0.0
libertadores,2025,6308,6,0,0.0
libertadores,2025,6597,8,0,0.0
libertadores,2025,7019,2,0,0.0
libertadores,2025,7738,6,0,0.0
libertadores,2025,7930,6,0,0.0
libertadores,2025,8137,2,0,0.0
libertadores,2025,8175,8,0,0.0
libertadores,2025,8238,6,0,0.0
libertadores,2025,8390,6,0,0.0
libertadores,2025,9335,10,0,0.0
libertadores,2025,9628,4,0,0.0
libertadores,2025,9904,10,0,0.0
libertadores,2025,9999,6,0,0.0
libertadores,2025,10002,10,0,0.0
libertadores,2025,10024,2,0,0.0
libertadores,2025,10046,4,0,0.0
libertadores,2025,10204,2,0,0.0
libertadores,2025,10661,6,0,0.0
libertadores,2025,10671,12,0,0.0
libertadores,2025,10779,12,0,0.0
libertadores,2025,10982,8,0,0.0
libertadores,2025,12408,2,0,0.0
libertadores,2025,12506,2,0,0.0
libertadores,2025,14212,6,0,0.0
libertadores,2025,14635,6,0,0.0
libertadores,2025,15115,2,0,0.0
libertadores,2025,15606,6,0,0.0
libertadores,2025,259042,6,0,0.0
ligue_1,2020,44,38,0,0.0
ligue_1,2020,59,38,0,0.0
ligue_1,2020,108,38,0,0.0
ligue_1,2020,266,38,0,0.0
ligue_1,2020,271,38,0,0.0
ligue_1,2020,450,38,0,0.0
ligue_1,2020,581,38,0,0.0
ligue_1,2020,598,38,0,0.0
ligue_1,2020,686,38,0,0.0
ligue_1,2020,690,38,0,0.0
ligue_1,2020,776,38,0,0.0
ligue_1,2020,1028,38,0,0.0
ligue_1,2020,3513,38,0,0.0
ligue_1,2020,3562,38,0,0.0
ligue_1,2020,6789,38,0,0.0
ligue_1,2020,6842,38,0,0.0
ligue_1,2020,6967,38,0,0.0
ligue_1,2020,9257,38,0,0.0
ligue_1,2021,44,38,0,0.0
ligue_1,2021,59,38,0,0.0
ligue_1,2021,108,38,0,0.0
ligue_1,2021,266,38,0,0.0
ligue_1,2021,271,38,0,0.0
ligue_1,2021,450,38,0,0.0
ligue_1,2021,581,38,0,0.0
ligue_1,2021,598,38,0,0.0
ligue_1,2021,686,38,0,0.0
ligue_1,2021,690,38,0,0.0
ligue_1,2021,776,38,0,0.0
ligue_1,2021,1028,38,0,0.0
ligue_1,2021,3513,38,0,0.0
ligue_1,2021,3562,38,0,0.0
ligue_1,2021,6789,38,0,0.0
ligue_1,2021,6898,38,0,0.0
ligue_1,2021,7047,38,0,0.0
ligue_1,2021,9257,38,0,0.0
ligue_1,2022,44,38,0,0.0
ligue_1,2022,59,38,0,0.0
ligue_1,2022,266,38,0,0.0
ligue_1,2022,271,38,0,0.0
ligue_1,2022,289,38,0,0.0
ligue_1,2022,450,38,0,0.0
ligue_1,2022,524,38,0,0.0
ligue_1,2022,581,38,0,0.0
ligue_1,2022,598,38,0,0.0
ligue_1,2022,686,38,0,0.0
ligue_1,2022,690,38,0,0.0
ligue_1,2022,776,38,0,0.0
ligue_1,2022,1028,38,0,0.0
ligue_1,2022,3682,38,0,0.0
ligue_1,2022,6789,38,0,0.0
ligue_1,2022,6898,38,0,0.0
ligue_1,2022,7047,38,0,0.0
ligue_1,2022,9257,38,0,0.0
ligue_1,2023,44,34,0,0.0
ligue_1,2023,59,34,0,0.0
ligue_1,2023,266,34,0,0.0
ligue_1,2023,271,34,0,0.0
ligue_1,2023,289,34,0,0.0
ligue_1,2023,450,34,0,0.0
ligue_1,2023,581,34,0,0.0
ligue_1,2023,598,34,0,0.0
ligue_1,2023,686,34,0,0.0
ligue_1,2023,690,34,0,0.0
ligue_1,2023,1028,34,0,0.0
ligue_1,2023,1055,34,0,0.0
ligue_1,2023,3513,34,0,0.0
ligue_1,2023,6789,34,0,0.0
ligue_1,2023,6898,34,0,0.0
ligue_1,2023,9257,34,0,0.0
ligue_1,2024,44,34,0,0.0
ligue_1,2024,59,34,0,0.0
ligue_1,2024,108,34,0,0.0
ligue_1,2024,266,34,0,0.0
ligue_1,2024,271,34,0,0.0
ligue_1,2024,289,34,0,0.0
ligue_1,2024,450,34,0,0.0
ligue_1,2024,581,34,0,0.0
ligue_1,2024,598,34,0,0.0
ligue_1,2024,686,34,0,0.0
ligue_1,2024,690,34,0,0.0
ligue_1,2024,776,34,0,0.0
ligue_1,2024,1028,34,0,0.0
ligue_1,2024,1055,34,0,0.0
ligue_1,2024,3682,34,0,0.0
ligue_1,2024,6789,34,0,0.0
premier_league,2020,1,38,0,0.0
premier_league,2020,6,38,0,0.0
premier_league,2020,8,38,0,0.0
premier_league,2020,9,38,0,0.0
premier_league,2020,10,38,0,0.0
premier_league,2020,11,38,0,0.0
premier_league,2020,13,38,0,0.0
premier_league,2020,14,38,0,0.0
premier_league,2020,15,38,0,0.0
premier_league,2020,18,38,0,0.0
premier_league,2020,19,38,0,0.0
premier_league,2020,20,38,0,0.0
premier_league,2020,21,38,0,0.0
premier_league,2020,27,38,0,0.0
premier_league,2020,29,38,0,0.0
premier_league,2020,42,38,0,0.0
premier_league,2020,51,38,0,0.0
premier_league,2020,65,38,0,0.0
premier_league,2020,71,38,0,0.0
premier_league,2020,78,38,0,0.0
premier_league,2021,1,38,0,0.0
premier_league,2021,6,38,0,0.0
premier_league,2021,8,38,0,0.0
premier_league,2021,9,38,0,0.0
premier_league,2021,13,38,0,0.0
premier_league,2021,14,38,0,0.0
premier_league,2021,15,38,0,0.0
premier_league,2021,18,38,0,0.0
premier_league,2021,19,38,0,0.0
premier_league,2021,20,38,0,0.0
premier_league,2021,25,38,0,0.0
premier_league,2021,27,38,0,0.0
premier_league,2021,29,38,0,0.0
premier_league,2021,33,38,0,0.0
premier_league,2021,42,38,0,0.0
premier_league,2021,51,38,0,0.0
premier_league,2021,65,38,0,0.0
premier_league,2021,71,38,0,0.0
premier_league,2021,78,38,0,0.0
premier_league,2021,236,38,0,0.0
premier_league,2022,1,38,0,0.0
premier_league,2022,6,38,0,0.0
premier_league,2022,8,38,0,0.0
premier_league,2022,9,38,0,0.0
premier_league,2022,11,38,0,0.0
premier_league,2022,13,38,0,0.0
premier_league,2022,14,38,0,0.0
premier_league,2022,15,38,0,0.0
premier_league,2022,18,38,0,0.0
premier_league,2022,19,38,0,0.0
premier_league,2022,20,38,0,0.0
premier_league,2022,29,38,0,0.0
premier_league,2022,42,38,0,0.0
premier_league,2022,51,38,0,0.0
premier_league,2022,63,38,0,0.0
premier_league,2022,65,38,0,0.0
premier_league,2022,71,38,0,0.0
premier_league,2022,78,38,0,0.0
premier_league,2022,236,38,0,0.0
premier_league,2023,1,38,0,0.0
premier_league,2023,6,38,0,0.0
premier_league,2023,8,38,0,0.0
premier_league,2023,9,38,0,0.0
premier_league,2023,11,38,0,0.0
premier_league,2023,13,38,0,0.0
premier_league,2023,14,38,0,0.0
premier_league,2023,15,38,0,0.0
premier_league,2023,18,38,0,0.0
premier_league,2023,19,38,0,0.0
premier_league,2023,20,38,0,0.0
premier_league,2023,21,38,0,0.0
premier_league,2023,27,38,0,0.0
premier_league,2023,29,38,0,0.0
premier_league,2023,51,38,0,0.0
premier_league,2023,63,38,0,0.0
premier_league,2023,78,38,0,0.0
premier_league,2023,115,38,0,0.0
premier_league,2023,236,38,0,0.0
premier_league,2024,1,38,0,0.0
premier_league,2024,6,38,0,0.0
premier_league,2024,8,38,0,0.0
premier_league,2024,9,38,0,0.0
premier_league,2024,11,38,0,0.0
premier_league,2024,13,38,0,0.0
premier_league,2024,14,38,0,0.0
premier_league,2024,15,38,0,0.0
premier_league,2024,18,38,0,0.0
premier_league,2024,19,38,0,0.0
premier_league,2024,20,38,0,0.0
premier_league,2024,29,38,0,0.0
premier_league,2024,42,38,0,0.0
premier_league,2024,51,38,0,0.0
premier_league,2024,63,38,0,0.0
premier_league,2024,65,38,0,0.0
premier_league,2024,78,38,0,0.0
premier_league,2024,116,38,0,0.0
premier_league,2024,236,38,0,0.0
primeira_liga,2023,58,34,0,0.0
primeira_liga,2023,364,34,0,0.0
primeira_liga,2023,605,34,0,0.0
primeira_liga,2023,652,34,0,0.0
primeira_liga,2023,830,34,0,0.0
primeira_liga,2023,884,34,0,0.0
primeira_liga,2023,960,34,0,0.0
primeira_liga,2023,988,34,0,0.0
primeira_liga,2023,1085,34,0,0.0
primeira_liga,2023,1198,34,0,0.0
primeira_liga,2023,1658,34,0,0.0
primeira_liga,2023,3161,34,0,0.0
primeira_liga,2023,4092,34,0,0.0
primeira_liga,2023,6377,34,0,0.0
primeira_liga,2023,7214,34,0,0.0
primeira_liga,2023,8164,34,0,0.0
primeira_liga,2023,11741,34,0,0.0
primeira_liga,2023,12152,34,0,0.0
primeira_liga,2024,58,34,0,0.0
primeira_liga,2024,364,34,0,0.0
primeira_liga,2024,605,34,0,0.0
primeira_liga,2024,652,34,0,0.0
primeira_liga,2024,830,34,0,0.0
primeira_liga,2024,884,34,0,0.0
primeira_liga,2024,960,34,0,0.0
primeira_liga,2024,1085,34,0,0.0
primeira_liga,2024,1198,34,0,0.0
primeira_liga,2024,2628,34,0,0.0
primeira_liga,2024,3161,34,0,0.0
primeira_liga,2024,4092,34,0,0.0
primeira_liga,2024,6377,34,0,0.0
primeira_liga,2024,7035,34,0,0.0
primeira_liga,2024,7214,34,0,0.0
primeira_liga,2024,11741,34,0,0.0
primeira_liga,2024,12152,34,0,0.0
primeira_liga,2024,269225,34,0,0.0
serie_a_it,2020,37,38,0,0.0
serie_a_it,2020,43,38,0,0.0
serie_a_it,2020,89,38,0,0.0
serie_a_it,2020,102,38,0,0.0
serie_a_it,2020,109,38,0,0.0
serie_a_it,2020,113,38,0,0.0
serie_a_it,2020,345,38,0,0.0
serie_a_it,2020,346,38,0,0.0
serie_a_it,2020,398,38,0,0.0
serie_a_it,2020,522,38,0,0.0
serie_a_it,2020,563,38,0,0.0
serie_a_it,2020,585,38,0,0.0
serie_a_it,2020,597,38,0,0.0
serie_a_it,2020,613,38,0,0.0
serie_a_it,2020,625,38,0,0.0
serie_a_it,2020,708,38,0,0.0
serie_a_it,2020,1123,38,0,0.0
serie_a_it,2020,2714,38,0,0.0
serie_a_it,2020,2930,38,0,0.0
serie_a_it,2020,8513,38,0,0.0
serie_a_it,2021,37,38,0,0.0
serie_a_it,2021,43,38,0,0.0
serie_a_it,2021,102,38,0,0.0
serie_a_it,2021,109,38,0,0.0
serie_a_it,2021,113,38,0,0.0
serie_a_it,2021,267,38,0,0.0
serie_a_it,2021,345,38,0,0.0
serie_a_it,2021,346,38,0,0.0
serie_a_it,2021,397,38,0,0.0
serie_a_it,2021,522,38,0,0.0
serie_a_it,2021,585,38,0,0.0
serie_a_it,2021,597,38,0,0.0
serie_a_it,2021,613,38,0,0.0
serie_a_it,2021,625,38,0,0.0
serie_a_it,2021,708,38,0,0.0
serie_a_it,2021,1123,38,0,0.0
serie_a_it,2021,2714,38,0,0.0
serie_a_it,2021,2930,38,0,0.0
serie_a_it,2021,7743,38,0,0.0
serie_a_it,2021,8513,38,0,0.0
serie_a_it,2022,37,38,0,0.0
serie_a_it,2022,43,38,0,0.0
serie_a_it,2022,109,38,0,0.0
serie_a_it,2022,113,38,0,0.0
serie_a_it,2022,345,39,0,0.0
serie_a_it,2022,346,38,0,0.0
serie_a_it,2022,397,38,0,0.0
serie_a_it,2022,522,38,0,0.0
serie_a_it,2022,597,38,0,0.0
serie_a_it,2022,613,38,0,0.0
serie_a_it,2022,625,38,0,0.0
serie_a_it,2022,708,38,0,0.0
serie_a_it,2022,1123,39,0,0.0
serie_a_it,2022,1628,38,0,0.0
serie_a_it,2022,2714,38,0,0.0
serie_a_it,2022,2930,38,0,0.0
serie_a_it,2022,7743,38,0,0.0
serie_a_it,2022,7790,38,0,0.0
serie_a_it,2022,8513,38,0,0.0
serie_a_it,2022,10722,38,0,0.0
serie_a_it,2023,37,38,0,0.0
serie_a_it,2023,43,38,0,0.0
serie_a_it,2023,102,38,0,0.0
serie_a_it,2023,109,38,0,0.0
serie_a_it,2023,113,38,0,0.0
serie_a_it,2023,346,38,0,0.0
serie_a_it,2023,397,38,0,0.0
serie_a_it,2023,585,38,0,0.0
serie_a_it,2023,597,38,0,0.0
serie_a_it,2023,613,38,0,0.0
serie_a_it,2023,625,38,0,0.0
serie_a_it,2023,708,38,0,0.0
serie_a_it,2023,1123,38,0,0.0
serie_a_it,2023,1628,38,0,0.0
serie_a_it,2023,2714,38,0,0.0
serie_a_it,2023,2930,38,0,0.0
serie_a_it,2023,4070,38,0,0.0
serie_a_it,2023,7743,38,0,0.0
serie_a_it,2023,7790,38,0,0.0
serie_a_it,2023,8513,38,0,0.0
serie_a_it,2024,37,38,0,0.0
serie_a_it,2024,43,38,0,0.0
serie_a_it,2024,102,38,0,0.0
serie_a_it,2024,109,38,0,0.0
serie_a_it,2024,113,38,0,0.0
serie_a_it,2024,267,38,0,0.0
serie_a_it,2024,268,38,0,0.0
serie_a_it,2024,346,38,0,0.0
serie_a_it,2024,397,38,0,0.0
serie_a_it,2024,398,38,0,0.0
serie_a_it,2024,585,38,0,0.0
serie_a_it,2024,597,38,0,0.0
serie_a_it,2024,613,38,0,0.0
serie_a_it,2024,625,38,0,0.0
serie_a_it,2024,708,38,0,0.0
serie_a_it,2024,1123,38,0,0.0
serie_a_it,2024,1628,38,0,0.0
serie_a_it,2024,2930,38,0,0.0
serie_a_it,2024,7790,38,0,0.0
serie_a_it,2024,8513,38,0,0.0
sudamericana,2024,303,12,0,0.0
sudamericana,2024,332,11,0,0.0
sudamericana,2024,456,1,0,0.0
sudamericana,2024,472,2,0,0.0
sudamericana,2024,587,10,0,0.0
sudamericana,2024,2528,1,0,0.0
sudamericana,2024,2532,7,0,0.0
sudamericana,2024,2696,8,0,0.0
sudamericana,2024,2710,1,0,0.0
sudamericana,2024,3365,4,0,0.0
sudamericana,2024,3371,13,0,0.0
sudamericana,2024,3393,6,0,0.0
sudamericana,2024,3408,2,0,0.0
sudamericana,2024,3432,12,0,0.0
sudamericana,2024,3439,7,0,0.0
sudamericana,2024,3480,6,0,0.0
sudamericana,2024,3517,1,0,0.0
sudamericana,2024,3621,10,0,0.0
sudamericana,2024,3807,7,0,0.0
sudamericana,2024,5463,8,0,0.0
sudamericana,2024,5582,7,0,0.0
sudamericana,2024,5632,9,0,0.0
sudamericana,2024,6829,8,0,0.0
sudamericana,2024,7738,1,0,0.0
sudamericana,2024,7808,10,0,0.0
sudamericana,2024,8339,1,0,0.0
sudamericana,2024,8384,7,0,0.0
sudamericana,2024,9561,6,0,0.0
sudamericana,2024,9878,12,0,0.0
sudamericana,2024,9890,4,0,0.0
sudamericana,2024,9891,7,0,0.0
sudamericana,2024,9996,1,0,0.0
sudamericana,2024,10204,1,0,0.0
sudamericana,2024,10779,4,0,0.0
sudamericana,2024,10982,6,0,0.0
sudamericana,2024,11013,6,0,0.0
sudamericana,2024,11370,7,0,0.0
sudamericana,2024,12562,1,0,0.0
sudamericana,2024,12833,7,0,0.0
sudamericana,2024,13330,7,0,0.0
sudamericana,2024,14635,2,0,0.0
sudamericana,2024,15061,4,0,0.0
sudamericana,2024,15064,1,0,0.0
sudamericana,2024,15327,9,0,0.0
sudamericana,2024,15328,1,0,0.0
sudamericana,2024,15605,1,0,0.0
sudamericana,2024,15606,1,0,0.0
sudamericana,2024,15743,7,0,0.0
sudamericana,2024,234259,8,0,0.0
sudamericana,2024,237829,9,0,0.0
sudamericana,2024,239392,1,0,0.0
sudamericana,2024,251693,7,0,0.0
sudamericana,2024,256588,7,0,0.0
sudamericana,2024,259048,1,0,0.0
sudamericana,2025,175,8,0,0.0
sudamericana,2025,208,6,0,0.0
sudamericana,2025,303,6,0,0.0
sudamericana,2025,456,1,0,0.0
sudamericana,2025,692,2,0,0.0
sudamericana,2025,696,8,0,0.0
sudamericana,2025,1095,10,0,0.0
sudamericana,2025,2528,9,0,0.0
sudamericana,2025,2710,1,0,0.0
sudamericana,2025,2925,8,0,0.0
sudamericana,2025,3139,8,0,0.0
sudamericana,2025,3371,6,0,0.0
sudamericana,2025,3427,15,0,0.0
sudamericana,2025,3439,1,0,0.0
sudamericana,2025,3440,6,0,0.0
sudamericana,2025,3547,13,0,0.0
sudamericana,2025,5476,6,0,0.0
sudamericana,2025,5582,7,0,0.0
sudamericana,2025,5632,7,0,0.0
sudamericana,2025,6308,6,0,0.0
sudamericana,2025,7228,6,0,0.0
sudamericana,2025,7792,1,0,0.0
sudamericana,2025,7810,1,0,0.0
sudamericana,2025,8238,2,0,0.0
sudamericana,2025,8239,1,0,0.0
sudamericana,2025,8339,1,0,0.0
sudamericana,2025,8384,7,0,0.0
sudamericana,2025,9561,6,0,0.0
sudamericana,2025,9628,6,0,0.0
sudamericana,2025,9868,9,0,0.0
sudamericana,2025,9878,13,0,0.0
sudamericana,2025,9890,9,0,0.0
sudamericana,2025,10258,7,0,0.0
sudamericana,2025,10671,6,0,0.0
sudamericana,2025,10840,8,0,0.0
sudamericana,2025,10976,1,0,0.0
sudamericana,2025,10987,8,0,0.0
sudamericana,2025,11370,1,0,0.0
sudamericana,2025,12294,7,0,0.0
sudamericana,2025,13264,9,0,0.0
sudamericana,2025,14212,4,0,0.0
sudamericana,2025,14594,1,0,0.0
sudamericana,2025,14635,8,0,0.0
sudamericana,2025,15064,1,0,0.0
sudamericana,2025,15077,1,0,0.0
sudamericana,2025,15327,9,0,0.0
sudamericana,2025,15605,9,0,0.0
sudamericana,2025,15995,7,0,0.0
sudamericana,2025,149671,1,0,0.0
sudamericana,2025,150808,7,0,0.0
sudamericana,2025,237829,1,0,0.0
sudamericana,2025,239392,1,0,0.0
sudamericana,2025,259042,2,0,0.0
sudamericana,2025,259048,1,0,0.0
sudamericana,2025,270457,7,0,0.0
supercopa_do_brasil,2025,1024,1,0,0.0
supercopa_do_brasil,2025,2864,1,0,0.0
