source,source_record_id,local_team_name,coach_name,clipped_start_date,clipped_end_date,canonical_missing_matches_covered,canonical_assigned_matches_covered,candidate_confidence,team_match_method,identity_match_method,source_url
wikidata_P286_team_to_person,Q50602-6B84856C-4FBA-449A-B5DD-F6AD9191404A,Manchester City,Josep Guardiola,2020-01-01,2025-12-31,191,57,0.8075,token_fuzzy_unique,,http://www.wikidata.org/entity/statement/Q50602-6B84856C-4FBA-449A-B5DD-F6AD9191404A
wikidata_P286_team_to_person,Q8701-E2BF6B96-AEF8-4000-A250-EBD55621D263,Atlético Madrid,Diego Simeone,2020-01-01,2025-12-31,176,58,0.8075,token_fuzzy_unique,,http://www.wikidata.org/entity/statement/Q8701-E2BF6B96-AEF8-4000-A250-EBD55621D263
wikidata_P286_team_to_person,Q9617-ee18dd4d-411d-d761-f987-97a072ff8f53,Arsenal,Mikel Arteta,2020-01-01,2025-12-31,158,56,0.8075,token_fuzzy_unique,same_team_assignment_name,http://www.wikidata.org/entity/statement/Q9617-ee18dd4d-411d-d761-f987-97a072ff8f53
wikidata_P286_team_to_person,Q1543-5d6b4385-46a8-6e98-0fa1-0bc09c1f40b6,AC Milan,Stefano Pioli,2020-01-01,2024-05-26,156,20,0.9500,token_fuzzy_unique,same_team_assignment_name,http://www.wikidata.org/entity/statement/Q1543-5d6b4385-46a8-6e98-0fa1-0bc09c1f40b6
wikidata_P286_team_to_person,Q8682-eddfa56e-4499-4569-0be9-f568cd6ff493,Real Madrid,Carlo Ancelotti,2021-07-01,2025-05-24,146,59,0.9500,token_fuzzy_unique,same_team_assignment_name,http://www.wikidata.org/entity/statement/Q8682-eddfa56e-4499-4569-0be9-f568cd6ff493
wikidata_P286_team_to_person,Q10315-0f2a109d-4f62-83bb-b786-2740c705f827,Real Sociedad,Imanol Alguacil,2020-01-01,2025-06-30,140,58,0.9500,token_fuzzy_unique,,http://www.wikidata.org/entity/statement/Q10315-0f2a109d-4f62-83bb-b786-2740c705f827
wikidata_P286_team_to_person,Q18747-31301cf9-45f1-e9f6-1e2c-97a8e0d67f78,West Ham United,David Moyes,2020-01-01,2024-06-30,133,19,0.9500,token_fuzzy_unique,same_team_assignment_name,http://www.wikidata.org/entity/statement/Q18747-31301cf9-45f1-e9f6-1e2c-97a8e0d67f78
wikidata_P286_team_to_person,q106394-36FF6E42-45D0-4AF5-BB55-AE43CC3463B5,SC Freiburg,Christian Streich,2020-01-01,2024-06-30,118,18,0.9500,token_fuzzy_unique,same_team_assignment_name,http://www.wikidata.org/entity/statement/q106394-36FF6E42-45D0-4AF5-BB55-AE43CC3463B5
wikidata_P286_team_to_person,Q141971-1c97f580-472a-eb6b-5f92-34b5a5762f8f,FC Union Berlin,Urs Fischer,2020-01-01,2023-11-15,117,0,0.9500,token_fuzzy_unique,,http://www.wikidata.org/entity/statement/Q141971-1c97f580-472a-eb6b-5f92-34b5a5762f8f
wikidata_P286_team_to_person,Q1422-f5757682-4e24-e85b-0d35-37c29b34de70,Juventus,Massimiliano Allegri,2021-07-01,2024-05-17,108,18,0.9500,token_fuzzy_unique,same_team_assignment_name,http://www.wikidata.org/entity/statement/Q1422-f5757682-4e24-e85b-0d35-37c29b34de70
wikidata_P286_team_to_person,Q19481-68b1abdd-4520-a219-b568-614e20117f9c,Leicester City,Brendan Rodgers,2020-01-01,2023-04-02,104,0,0.9500,token_fuzzy_unique,global_exact_name_unique,http://www.wikidata.org/entity/statement/Q19481-68b1abdd-4520-a219-b568-614e20117f9c
wikidata_P286_team_to_person,Q10329-d66485d4-48a5-1bb1-1062-ac9cc80b4f8c,Sevilla,Julen Lopetegui,2020-01-01,2022-10-01,99,0,0.9500,token_fuzzy_unique,,http://www.wikidata.org/entity/statement/Q10329-d66485d4-48a5-1bb1-1062-ac9cc80b4f8c
wikidata_P286_team_to_person,Q12297-56e2b95d-44ff-395d-5eb3-ad3df119fcd4,Villarreal,Unai Emery,2020-07-23,2022-10-25,99,0,0.9500,token_fuzzy_unique,global_exact_name_unique,http://www.wikidata.org/entity/statement/Q12297-56e2b95d-44ff-395d-5eb3-ad3df119fcd4
wikidata_P286_team_to_person,Q19571-1b605d2a-4010-3d37-2c73-62d8f0108c10,Brentford,Thomas Frank,2020-01-01,2025-06-12,95,57,0.9500,token_fuzzy_unique,same_team_assignment_name,http://www.wikidata.org/entity/statement/Q19571-1b605d2a-4010-3d37-2c73-62d8f0108c10
wikidata_P286_team_to_person,Q2768-2c2ea2d5-4093-d904-9deb-62feb7f85540,Torino,Ivan Jurić,2021-07-01,2024-06-30,94,20,0.9500,token_fuzzy_unique,same_team_assignment_name,http://www.wikidata.org/entity/statement/Q2768-2c2ea2d5-4093-d904-9deb-62feb7f85540
wikidata_P286_team_to_person,Q18732-21be6b60-49d9-2fbe-c415-b358d0067b82,Southampton,Ralph Hasenhüttl,2020-01-01,2022-11-07,90,0,0.9500,token_fuzzy_unique,global_exact_name_unique,http://www.wikidata.org/entity/statement/Q18732-21be6b60-49d9-2fbe-c415-b358d0067b82
wikidata_P286_team_to_person,Q18716-4c2df970-4a22-a5fd-9fa1-d2bd37be7833,Newcastle United,Eddie Howe,2021-11-08,2025-12-31,90,57,0.8075,token_fuzzy_unique,same_team_assignment_name,http://www.wikidata.org/entity/statement/Q18716-4c2df970-4a22-a5fd-9fa1-d2bd37be7833
wikidata_P286_team_to_person,Q192071-eb0f060e-49d1-688d-f99e-c588df7ec18e,Nantes,Antoine Kombouaré,2021-02-11,2023-05-09,86,0,0.9500,token_fuzzy_unique,global_exact_name_unique,http://www.wikidata.org/entity/statement/Q192071-eb0f060e-49d1-688d-f99e-c588df7ec18e
wikidata_P286_team_to_person,Q19453-8c16df2e-4d5e-373e-3e69-6a1005cad7ea,Brighton & Hove Albion,Graham Potter,2020-01-01,2022-09-07,82,0,0.9500,token_fuzzy_unique,global_exact_name_unique,http://www.wikidata.org/entity/statement/Q19453-8c16df2e-4d5e-373e-3e69-6a1005cad7ea
wikidata_P286_team_to_person,Q9616-a0f2611e-4b46-e23a-ccc9-3efd435c7439,Chelsea,Thomas Tuchel,2021-01-26,2022-09-07,81,0,0.9500,token_fuzzy_unique,global_exact_name_unique,http://www.wikidata.org/entity/statement/Q9616-a0f2611e-4b46-e23a-ccc9-3efd435c7439
wikidata_P286_team_to_person,Q598834-80334bf9-4128-d38f-910a-cc20568b69e6,Criciúma,Claudio Tencati,2021-10-07,2024-12-08,80,42,0.9500,token_fuzzy_unique,same_team_assignment_name,http://www.wikidata.org/entity/statement/Q598834-80334bf9-4128-d38f-910a-cc20568b69e6
wikidata_P286_team_to_person,Q38245-36d25cb5-49be-ce65-33c0-c0daed693823,Eintracht Frankfurt,Oliver Glasner,2021-07-01,2023-06-30,76,0,0.9500,exact_name,global_exact_name_unique,http://www.wikidata.org/entity/statement/Q38245-36d25cb5-49be-ce65-33c0-c0daed693823
wikidata_P286_team_to_person,Q483020-b71774c5-4228-f0cc-721d-9eca0c09391f,Paris Saint Germain,Mauricio Pochettino,2021-01-02,2022-07-05,73,0,0.9500,exact_name,,http://www.wikidata.org/entity/statement/Q483020-b71774c5-4228-f0cc-721d-9eca0c09391f
wikidata_P286_team_to_person,Q41420-f7ec2536-4905-565a-4a6c-1e49f6dae2ed,Borussia Dortmund,Edin Terzić,2022-05-23,2024-06-30,71,18,0.9500,exact_name,same_team_assignment_name,http://www.wikidata.org/entity/statement/Q41420-f7ec2536-4905-565a-4a6c-1e49f6dae2ed
wikidata_P286_team_to_person,Q221525-f41298a1-4290-6bee-d504-47487ffe2704,Metz,Frédéric Antonetti,2020-10-13,2022-06-09,70,0,0.9500,token_fuzzy_unique,,http://www.wikidata.org/entity/statement/Q221525-f41298a1-4290-6bee-d504-47487ffe2704
wikidata_P286_team_to_person,q19458-0669C32E-7A8C-480A-B730-2DA33615B130,Burnley,Sean Dyche,2020-01-01,2022-04-15,68,0,0.9500,token_fuzzy_unique,global_exact_name_unique,http://www.wikidata.org/entity/statement/q19458-0669C32E-7A8C-480A-B730-2DA33615B130
wikidata_P286_team_to_person,Q19467-a65fdc2c-4f66-dd84-a2cf-82cd254322c5,Crystal Palace,Patrick Vieira,2021-07-04,2023-03-17,65,0,0.9500,token_fuzzy_unique,global_exact_name_unique,http://www.wikidata.org/entity/statement/Q19467-a65fdc2c-4f66-dd84-a2cf-82cd254322c5
wikidata_P286_team_to_person,Q18741-a15d2c60-4cdc-1eac-dfa7-5cecfdc53b0a,Tottenham Hotspur,Antonio Conte,2021-11-02,2023-03-26,64,0,0.9500,token_fuzzy_unique,global_exact_name_unique,http://www.wikidata.org/entity/statement/Q18741-a15d2c60-4cdc-1eac-dfa7-5cecfdc53b0a
wikidata_P286_team_to_person,Q18656-ca0c62a9-4aa5-1cc0-e4e5-d73aa5a60711,Manchester United,Erik ten Hag,2022-07-01,2024-10-28,64,27,0.9500,token_fuzzy_unique,same_team_assignment_name,http://www.wikidata.org/entity/statement/Q18656-ca0c62a9-4aa5-1cc0-e4e5-d73aa5a60711
wikidata_P286_team_to_person,Q11945-c5413903-4565-e29e-e5ca-7a0844fb660f,Girona,Miguel Ángel Sánchez Muñoz,2021-07-09,2025-12-31,64,58,0.8075,token_fuzzy_unique,,http://www.wikidata.org/entity/statement/Q11945-c5413903-4565-e29e-e5ca-7a0844fb660f
wikidata_P286_team_to_person,Q38568-d29207e4-4017-bcae-dcd5-671acfd4eb02,São Paulo,Rogério Ceni,2021-10-13,2023-04-19,63,0,0.9500,token_fuzzy_unique,global_exact_name_unique,http://www.wikidata.org/entity/statement/Q38568-d29207e4-4017-bcae-dcd5-671acfd4eb02
wikidata_P286_team_to_person,Q8806-7596e979-4819-c3ae-374d-87eb2321488f,Getafe,Quique Flores,2021-10-06,2023-04-27,61,0,0.9500,token_fuzzy_unique,,http://www.wikidata.org/entity/statement/Q8806-7596e979-4819-c3ae-374d-87eb2321488f
wikidata_P286_team_to_person,Q80845-31273d41-43f4-9040-1f0a-a86ff5367aa7,Internacional,Mano Menezes,2022-04-18,2023-07-17,61,0,0.9500,token_fuzzy_unique,,http://www.wikidata.org/entity/statement/Q80845-31273d41-43f4-9040-1f0a-a86ff5367aa7
wikidata_P286_team_to_person,Q18656-c9617066-463b-8256-7def-2543362d2b1d,Manchester United,Ole Gunnar Solskjær,2020-01-01,2021-11-21,60,0,0.9500,token_fuzzy_unique,,http://www.wikidata.org/entity/statement/Q18656-c9617066-463b-8256-7def-2543362d2b1d
wikidata_P286_team_to_person,Q270995-9e430cab-4508-b45e-c98f-264b74ac89a3,Atlético Mineiro,Cuca,2021-03-16,2021-12-28,60,0,0.9500,token_fuzzy_unique,,http://www.wikidata.org/entity/statement/Q270995-9e430cab-4508-b45e-c98f-264b74ac89a3
wikidata_P286_team_to_person,Q18708-6f5dc465-484a-0f32-d317-046744c7b8a3,Fulham,Marco Silva,2021-07-01,2025-12-31,58,56,0.8075,token_fuzzy_unique,same_team_assignment_name,http://www.wikidata.org/entity/statement/Q18708-6f5dc465-484a-0f32-d317-046744c7b8a3
wikidata_P286_team_to_person,Q18711-f1bf0662-47bd-3694-734e-daca84591f09,Aston Villa,Unai Emery,2022-11-01,2025-12-31,57,56,0.8075,token_fuzzy_unique,same_team_assignment_name,http://www.wikidata.org/entity/statement/Q18711-f1bf0662-47bd-3694-734e-daca84591f09
wikidata_P286_team_to_person,Q19490-8faaa8af-4fcc-abb0-85cd-d27458d172ca,Nottingham Forest,Steve Cooper,2021-09-21,2023-12-19,55,0,0.9500,token_fuzzy_unique,global_exact_name_unique,http://www.wikidata.org/entity/statement/Q19490-8faaa8af-4fcc-abb0-85cd-d27458d172ca
wikidata_P286_team_to_person,Q104761-876a0ddd-44af-83d9-a24c-3b5dd94803e3,Bayer 04 Leverkusen,Xabi Alonso,2022-10-05,2025-05-25,55,52,0.9500,exact_name,same_team_assignment_name,http://www.wikidata.org/entity/statement/Q104761-876a0ddd-44af-83d9-a24c-3b5dd94803e3
wikidata_P286_team_to_person,Q19453-f9b92524-4831-c500-6540-518e0efb661b,Brighton & Hove Albion,Roberto De Zerbi,2022-09-18,2024-05-20,51,19,0.9500,token_fuzzy_unique,same_team_assignment_name,http://www.wikidata.org/entity/statement/Q19453-f9b92524-4831-c500-6540-518e0efb661b
wikidata_P286_team_to_person,Q101859-1c03977e-43f9-f3e2-1063-6d7769b2fa5b,VfL Wolfsburg,Niko Kovač,2022-07-01,2024-03-17,50,10,0.9500,exact_name,same_team_assignment_name,http://www.wikidata.org/entity/statement/Q101859-1c03977e-43f9-f3e2-1063-6d7769b2fa5b
wikidata_P286_team_to_person,Q8682-69b943b2-4ce1-5cf7-7e0c-855b6b7702c4,Real Madrid,Zinédine Zidane,2020-01-01,2021-06-30,50,0,0.9500,token_fuzzy_unique,,http://www.wikidata.org/entity/statement/Q8682-69b943b2-4ce1-5cf7-7e0c-855b6b7702c4
wikidata_P286_team_to_person,Q289482-fc1b2ba0-4df2-06e2-d022-fd1b36d250ae,Monza,Raffaele Palladino,2022-09-13,2024-06-30,50,20,0.9500,token_fuzzy_unique,same_team_assignment_name,http://www.wikidata.org/entity/statement/Q289482-fc1b2ba0-4df2-06e2-d022-fd1b36d250ae
wikidata_P286_team_to_person,Q51976-cb107ca6-4ff2-c3f1-71dc-7077bab79a97,Werder Bremen,Ole Werner,2021-11-28,2025-05-27,50,52,0.9500,exact_name,same_team_assignment_name,http://www.wikidata.org/entity/statement/Q51976-cb107ca6-4ff2-c3f1-71dc-7077bab79a97
wikidata_P286_team_to_person,Q18711-b23fce87-4c89-0b2e-25aa-a250048792af,Aston Villa,Dean Smith (futebolista),2020-01-01,2021-11-07,49,0,0.9500,token_fuzzy_unique,,http://www.wikidata.org/entity/statement/Q18711-b23fce87-4c89-0b2e-25aa-a250048792af
wikidata_P286_team_to_person,Q132885-b1a05757-4169-b339-f958-773af9cc42b1,Olympique Marseille,Jorge Sampaoli,2021-03-08,2022-07-01,49,0,0.9500,token_fuzzy_unique,,http://www.wikidata.org/entity/statement/Q132885-b1a05757-4169-b339-f958-773af9cc42b1
wikidata_P286_team_to_person,Q704-891d999c-4150-e5c9-74f9-65540e5c8179,Olympique Lyonnais,Peter Bosz,2021-05-29,2022-10-09,48,0,0.9500,exact_name,global_exact_name_unique,http://www.wikidata.org/entity/statement/Q704-891d999c-4150-e5c9-74f9-65540e5c8179
wikidata_P286_team_to_person,Q128446-64949a56-4cec-5bba-da33-7c239712f197,Porto,Sérgio Conceição,2020-01-01,2024-06-30,47,19,0.9500,token_fuzzy_unique,,http://www.wikidata.org/entity/statement/Q128446-64949a56-4cec-5bba-da33-7c239712f197
wikidata_P286_team_to_person,Q483020-9ebf3d75-4211-f5a6-4130-a5e56c3249bd,Paris Saint Germain,Christophe Galtier,2022-07-05,2023-06-30,46,0,0.9500,exact_name,,http://www.wikidata.org/entity/statement/Q483020-9ebf3d75-4211-f5a6-4130-a5e56c3249bd
wikidata_P286_team_to_person,Q38568-729ad2e8-43b2-b165-3999-1dc7372d9a3d,São Paulo,Dorival Júnior,2023-04-20,2024-01-07,46,0,0.9500,token_fuzzy_unique,,http://www.wikidata.org/entity/statement/Q38568-729ad2e8-43b2-b165-3999-1dc7372d9a3d
wikidata_P286_team_to_person,Q1422-73a8e2a0-477f-1d5d-848f-647fe5506205,Juventus,Andrea Pirlo,2020-08-08,2021-06-30,46,0,0.9500,token_fuzzy_unique,global_exact_name_unique,http://www.wikidata.org/entity/statement/Q1422-73a8e2a0-477f-1d5d-848f-647fe5506205
wikidata_P286_team_to_person,Q18716-69dec13a-478f-9d13-8e86-99956ccc0e26,Newcastle United,Steve Bruce,2020-01-01,2021-10-20,46,0,0.9500,token_fuzzy_unique,,http://www.wikidata.org/entity/statement/Q18716-69dec13a-478f-9d13-8e86-99956ccc0e26
wikidata_P286_team_to_person,Q19500-cc8b1697-48cf-b314-2c67-a76df861c0b3,Wolverhampton Wanderers,Bruno Lage,2021-07-01,2022-10-02,46,0,0.9500,token_fuzzy_unique,,http://www.wikidata.org/entity/statement/Q19500-cc8b1697-48cf-b314-2c67-a76df861c0b3
wikidata_P286_team_to_person,Q483020-4c85a2f6-494d-a56a-77a3-9f50f3944716,Paris Saint Germain,Luis Enrique Martínez García,2023-07-05,2025-12-31,46,51,0.8075,exact_name,,http://www.wikidata.org/entity/statement/Q483020-4c85a2f6-494d-a56a-77a3-9f50f3944716
wikidata_P286_team_to_person,Q104761-1d9f165e-4779-e2b9-aaaf-6f1a4a4369c9,Bayer 04 Leverkusen,Gerardo Seoane,2021-07-01,2022-10-05,45,0,0.9500,exact_name,global_exact_name_unique,http://www.wikidata.org/entity/statement/Q104761-1d9f165e-4779-e2b9-aaaf-6f1a4a4369c9
wikidata_P286_team_to_person,Q188277-6c9e8375-4de2-4892-bbf5-2f04400a988c,Cruzeiro,Paulo Pezzolano,2022-01-04,2023-03-19,44,0,0.9500,token_fuzzy_unique,,http://www.wikidata.org/entity/statement/Q188277-6c9e8375-4de2-4892-bbf5-2f04400a988c
wikidata_P286_team_to_person,Q132885-3575805f-4bd1-7f14-8ae5-b2cb47c989bf,Olympique Marseille,Igor Tudor,2022-07-04,2023-06-30,44,0,0.9500,token_fuzzy_unique,global_exact_name_unique,http://www.wikidata.org/entity/statement/Q132885-3575805f-4bd1-7f14-8ae5-b2cb47c989bf
wikidata_P286_team_to_person,Q17479-865f5fc3-4e37-1495-9da3-163c56279e2b,Flamengo,Dorival Júnior,2022-06-10,2022-11-25,43,0,0.9500,token_fuzzy_unique,,http://www.wikidata.org/entity/statement/Q17479-865f5fc3-4e37-1495-9da3-163c56279e2b
wikidata_P286_team_to_person,Q6703-8e400436-42cb-8322-b537-e91baaa3a795,Empoli,Paolo Zanetti,2022-06-06,2023-09-19,42,0,0.9500,token_fuzzy_unique,global_exact_name_unique,http://www.wikidata.org/entity/statement/Q6703-8e400436-42cb-8322-b537-e91baaa3a795
wikidata_P286_team_to_person,Q97905916-15DEB245-9FA9-4A6F-9600-0EDDAC560F7E,FC Augsburg,Enrico Maaßen,2022-07-01,2023-10-09,41,0,0.9500,exact_name,global_exact_name_unique,http://www.wikidata.org/entity/statement/Q97905916-15DEB245-9FA9-4A6F-9600-0EDDAC560F7E
wikidata_P286_team_to_person,Q38568-9de95c19-425f-4a51-eafc-f5474ad9e54e,São Paulo,Hernán Crespo,2021-02-26,2021-10-13,41,0,0.9500,token_fuzzy_unique,global_exact_name_unique,http://www.wikidata.org/entity/statement/Q38568-9de95c19-425f-4a51-eafc-f5474ad9e54e
wikidata_P286_team_to_person,Q41420-4181d2e5-411b-f97b-cb7c-8f3c99b854af,Borussia Dortmund,Marco Rose,2021-07-01,2022-05-20,40,0,0.9500,exact_name,global_exact_name_unique,http://www.wikidata.org/entity/statement/Q41420-4181d2e5-411b-f97b-cb7c-8f3c99b854af
wikidata_P286_team_to_person,Q17479-06b52731-43ed-2abd-c163-0d4892aba784,Flamengo,Jorge Sampaoli,2023-04-17,2023-09-28,39,0,0.9500,token_fuzzy_unique,,http://www.wikidata.org/entity/statement/Q17479-06b52731-43ed-2abd-c163-0d4892aba784
wikidata_P286_team_to_person,q19500-814A173F-B7D1-44E9-9959-8EB15953FB5B,Wolverhampton Wanderers,Nuno Espírito Santo,2020-01-01,2021-05-23,38,0,0.9500,token_fuzzy_unique,global_exact_name_unique,http://www.wikidata.org/entity/statement/q19500-814A173F-B7D1-44E9-9959-8EB15953FB5B
wikidata_P286_team_to_person,q8639-E7F2D99D-EE4C-45BA-A0EA-EB720A547BBB,Hellas Verona,Ivan Jurić,2020-01-01,2021-05-28,38,0,0.9500,token_fuzzy_unique,global_exact_name_unique,http://www.wikidata.org/entity/statement/q8639-E7F2D99D-EE4C-45BA-A0EA-EB720A547BBB
wikidata_P286_team_to_person,Q18708-783a9669-4633-49bb-d16e-53d8a3509c4d,Fulham,Scott Parker,2020-01-01,2021-06-30,38,0,0.9500,token_fuzzy_unique,global_exact_name_unique,http://www.wikidata.org/entity/statement/Q18708-783a9669-4633-49bb-d16e-53d8a3509c4d
wikidata_P286_team_to_person,Q704-5346fa9d-4522-1c52-0d60-8f962553dd71,Olympique Lyonnais,Rudi Garcia,2020-01-01,2021-05-24,38,0,0.9500,exact_name,,http://www.wikidata.org/entity/statement/Q704-5346fa9d-4522-1c52-0d60-8f962553dd71
wikidata_P286_team_to_person,Q13391-57c45b01-4005-a7d4-37db-dd33bbcb8b87,Lecce,Marco Baroni,2021-07-01,2023-06-27,38,0,0.9500,token_fuzzy_unique,global_exact_name_unique,http://www.wikidata.org/entity/statement/Q13391-57c45b01-4005-a7d4-37db-dd33bbcb8b87
wikidata_P286_team_to_person,Q8812-11463482-459a-9312-b607-623dca7b8cd3,Granada,Diego Martínez Penas,2020-01-01,2021-06-30,38,0,0.9500,token_fuzzy_unique,global_exact_name_unique,http://www.wikidata.org/entity/statement/Q8812-11463482-459a-9312-b607-623dca7b8cd3
wikidata_P286_team_to_person,q10319-8A3957C6-0A75-489A-B21D-1300CB9D30DC,Real Valladolid,Sergio González,2020-01-01,2021-06-30,38,0,0.9500,token_fuzzy_unique,,http://www.wikidata.org/entity/statement/q10319-8A3957C6-0A75-489A-B21D-1300CB9D30DC
wikidata_P286_team_to_person,Q19518-b17d3632-49a8-6c3e-4d26-4359d4078a16,Toulouse,Philippe Montanier,2021-06-23,2023-06-30,38,0,0.9500,token_fuzzy_unique,,http://www.wikidata.org/entity/statement/Q19518-b17d3632-49a8-6c3e-4d26-4359d4078a16
wikidata_P286_team_to_person,Q18711-d5d20f0d-4a4e-6fb3-6d46-9de49504b0c6,Aston Villa,Steven Gerrard,2021-11-11,2022-10-20,38,0,0.9500,token_fuzzy_unique,,http://www.wikidata.org/entity/statement/Q18711-d5d20f0d-4a4e-6fb3-6d46-9de49504b0c6
wikidata_P286_team_to_person,Q6703-dc070f78-4282-5db4-9a63-6f75cde479a3,Empoli,Aurelio Andreazzoli,2021-06-21,2022-06-01,38,0,0.9500,token_fuzzy_unique,global_exact_name_unique,http://www.wikidata.org/entity/statement/Q6703-dc070f78-4282-5db4-9a63-6f75cde479a3
wikidata_P286_team_to_person,Q10333-ae6cbe43-4c33-333a-36d7-91c6d62a1cf8,Valencia,José Bordalás,2021-05-27,2022-06-03,38,0,0.9500,token_fuzzy_unique,,http://www.wikidata.org/entity/statement/Q10333-ae6cbe43-4c33-333a-36d7-91c6d62a1cf8
wikidata_P286_team_to_person,Q97905916-8F7B21F3-D901-4B44-AAC5-76D74466DACF,FC Augsburg,Markus Weinzierl,2021-04-26,2022-06-30,37,0,0.9500,exact_name,,http://www.wikidata.org/entity/statement/Q97905916-8F7B21F3-D901-4B44-AAC5-76D74466DACF
wikidata_P286_team_to_person,Q80845-e415ee60-4560-0978-fbdd-f4fd77b76fd3,Internacional,Diego Aguirre,2021-06-23,2021-12-15,35,0,0.9500,token_fuzzy_unique,,http://www.wikidata.org/entity/statement/Q80845-e415ee60-4560-0978-fbdd-f4fd77b76fd3
wikidata_P286_team_to_person,Q8639-abdedf86-465b-4917-0909-a22de8bf755a,Hellas Verona,Igor Tudor,2021-09-14,2022-05-28,35,0,0.9500,token_fuzzy_unique,global_exact_name_unique,http://www.wikidata.org/entity/statement/Q8639-abdedf86-465b-4917-0909-a22de8bf755a
wikidata_P286_team_to_person,Q10333-5f81012f-4d20-d18d-5be7-b41d3ebd69ee,Valencia,Rubén Baraja,2023-02-14,2024-12-23,35,37,0.9500,token_fuzzy_unique,same_team_assignment_name,http://www.wikidata.org/entity/statement/Q10333-5f81012f-4d20-d18d-5be7-b41d3ebd69ee
wikidata_P286_team_to_person,Q101859-83b4112a-48fc-53c9-729e-bdf5fdc72133,VfL Wolfsburg,Oliver Glasner,2020-01-01,2021-06-30,34,0,0.9500,exact_name,global_exact_name_unique,http://www.wikidata.org/entity/statement/Q101859-83b4112a-48fc-53c9-729e-bdf5fdc72133
wikidata_P286_team_to_person,Q10333-0a1beba9-436e-7585-7807-d2f1d5d17bfa,Valencia,Javi Gracia,2020-07-27,2021-05-03,34,0,0.9500,token_fuzzy_unique,,http://www.wikidata.org/entity/statement/Q10333-0a1beba9-436e-7585-7807-d2f1d5d17bfa
wikidata_P286_team_to_person,q38245-AF728C04-27BB-4259-9558-1D9E9C028E23,Eintracht Frankfurt,Adi Hütter,2020-01-01,2021-06-30,34,0,0.9500,exact_name,,http://www.wikidata.org/entity/statement/q38245-AF728C04-27BB-4259-9558-1D9E9C028E23
wikidata_P286_team_to_person,q51976-46B25A7A-8B55-4A4A-8A37-9A7AC0A35568,Werder Bremen,Florian Kohfeldt,2020-01-01,2021-05-16,33,0,0.9500,exact_name,global_exact_name_unique,http://www.wikidata.org/entity/statement/q51976-46B25A7A-8B55-4A4A-8A37-9A7AC0A35568
wikidata_P286_team_to_person,Q501245-42177744-43ec-3f66-596c-d5a8f17001da,Venezia,Paolo Zanetti,2020-08-14,2022-04-27,33,0,0.9500,token_fuzzy_unique,global_exact_name_unique,http://www.wikidata.org/entity/statement/Q501245-42177744-43ec-3f66-596c-d5a8f17001da
wikidata_P286_team_to_person,Q1346314-765edc6e-4181-a1d8-db6e-99e65a70f87a,Moreirense,Rui Borges,2023-07-05,2024-06-30,33,1,0.9500,token_fuzzy_unique,global_exact_name_unique,http://www.wikidata.org/entity/statement/Q1346314-765edc6e-4181-a1d8-db6e-99e65a70f87a
wikidata_P286_team_to_person,Q1128631-d7241ebb-4976-2ebc-e84e-30faddc10110,Leeds United,Jesse Marsch,2022-02-28,2023-02-06,32,0,0.9500,token_fuzzy_unique,,http://www.wikidata.org/entity/statement/Q1128631-d7241ebb-4976-2ebc-e84e-30faddc10110
wikidata_P286_team_to_person,Q198032-8053e1bb-4a0f-5b1e-14c9-15127fdb1910,Bahia,Guto Ferreira,2021-10-08,2022-06-26,32,0,0.9500,token_fuzzy_unique,,http://www.wikidata.org/entity/statement/Q198032-8053e1bb-4a0f-5b1e-14c9-15127fdb1910
wikidata_P286_team_to_person,Q18741-7fe7e865-4984-778d-7f22-2fb430c5257a,Tottenham Hotspur,José Mourinho,2020-01-01,2021-04-19,32,0,0.9500,token_fuzzy_unique,global_exact_name_unique,http://www.wikidata.org/entity/statement/Q18741-7fe7e865-4984-778d-7f22-2fb430c5257a
wikidata_P286_team_to_person,Q704-044275b3-465f-9cc3-06d0-cda1b9ec937c,Olympique Lyonnais,Laurent Blanc,2022-10-09,2023-09-11,32,0,0.9500,exact_name,,http://www.wikidata.org/entity/statement/Q704-044275b3-465f-9cc3-06d0-cda1b9ec937c
wikidata_P286_team_to_person,Q12297-7b8a6b6a-4d0c-7008-1b26-0fa09791715b,Villarreal,Quique Setién,2022-10-25,2023-09-05,31,0,0.9500,token_fuzzy_unique,,http://www.wikidata.org/entity/statement/Q12297-7b8a6b6a-4d0c-7008-1b26-0fa09791715b
wikidata_P286_team_to_person,Q2945011-258c64dd-4e8c-dbd5-bf92-ef6c88884e5b,Cuiabá,António José Conceição Oliveira,2023-05-23,2024-02-09,31,0,0.9500,token_fuzzy_unique,,http://www.wikidata.org/entity/statement/Q2945011-258c64dd-4e8c-dbd5-bf92-ef6c88884e5b
wikidata_P286_team_to_person,Q10512-49f1a48c-435a-3b3d-55b1-abde593161e2,Elche,Fran Escribá,2021-02-14,2021-11-21,31,0,0.9500,token_fuzzy_unique,,http://www.wikidata.org/entity/statement/Q10512-49f1a48c-435a-3b3d-55b1-abde593161e2
wikidata_P286_team_to_person,Q97905916-1D1C7CCC-13D1-4F5B-90F4-FF9D268F2D5C,FC Augsburg,Heiko Herrlich,2020-03-10,2021-04-26,31,0,0.9500,exact_name,,http://www.wikidata.org/entity/statement/Q97905916-1D1C7CCC-13D1-4F5B-90F4-FF9D268F2D5C
wikidata_P286_team_to_person,Q270995-604c9b40-45c5-5874-1e76-5d6d7e374830,Atlético Mineiro,Felipão,2023-06-19,2024-03-20,31,0,0.9500,token_fuzzy_unique,,http://www.wikidata.org/entity/statement/Q270995-604c9b40-45c5-5874-1e76-5d6d7e374830
wikidata_P286_team_to_person,Q19467-a1245fa9-4b8b-0777-641f-e1b3fca1c450,Crystal Palace,Roy Hodgson,2023-03-21,2024-02-19,30,5,0.9500,token_fuzzy_unique,same_team_assignment_name,http://www.wikidata.org/entity/statement/Q19467-a1245fa9-4b8b-0777-641f-e1b3fca1c450
wikidata_P286_team_to_person,Q10512-7803f1ac-473d-66eb-aa61-67191fc5e1f9,Elche,Francisco Javier Rodríguez Vílchez,2021-11-30,2022-10-04,30,0,0.9500,token_fuzzy_unique,,http://www.wikidata.org/entity/statement/Q10512-7803f1ac-473d-66eb-aa61-67191fc5e1f9
wikidata_P286_team_to_person,Q198032-009c5572-4990-1ba0-626b-d80821889d26,Bahia,Renato Paiva,2023-01-01,2023-09-06,30,0,0.9500,token_fuzzy_unique,,http://www.wikidata.org/entity/statement/Q198032-009c5572-4990-1ba0-626b-d80821889d26
wikidata_P286_team_to_person,Q192253-53148ff5-4fdb-9416-ebdc-255ae7cea44a,Slovan Bratislava,Vladimír Weiss,2021-05-11,2025-12-31,30,0,0.8075,token_fuzzy_unique,global_exact_name_unique,http://www.wikidata.org/entity/statement/Q192253-53148ff5-4fdb-9416-ebdc-255ae7cea44a
wikidata_P286_team_to_person,Q9616-29dac49d-4bad-a1cf-0d92-78e21ee21d6f,Chelsea,Graham Potter,2022-09-08,2023-04-02,29,0,0.9500,token_fuzzy_unique,global_exact_name_unique,http://www.wikidata.org/entity/statement/Q9616-29dac49d-4bad-a1cf-0d92-78e21ee21d6f
wikidata_P286_team_to_person,Q80845-b27c8283-4ec0-286c-a43a-d4cb317f07ce,Internacional,Eduardo Coudet,2023-07-20,2024-07-11,29,22,0.9500,token_fuzzy_unique,same_team_assignment_name,http://www.wikidata.org/entity/statement/Q80845-b27c8283-4ec0-286c-a43a-d4cb317f07ce
wikidata_P286_team_to_person,Q102720-e7fcaa29-4ace-a2ac-dc46-6f0307336f5a,Hertha BSC,Pál Dárdai,2021-01-25,2021-11-29,29,0,0.9500,exact_name,global_exact_name_unique,http://www.wikidata.org/entity/statement/Q102720-e7fcaa29-4ace-a2ac-dc46-6f0307336f5a
wikidata_P286_team_to_person,Q101859-9657aadb-42db-7cbf-ffe7-3d80c31e8673,VfL Wolfsburg,Florian Kohfeldt,2021-10-26,2022-05-15,28,0,0.9500,exact_name,global_exact_name_unique,http://www.wikidata.org/entity/statement/Q101859-9657aadb-42db-7cbf-ffe7-3d80c31e8673
wikidata_P286_team_to_person,Q19607-40f7b576-4a54-a69f-b273-4a852a1f6468,Sheffield United,Chris Wilder,2020-01-01,2021-03-12,28,0,0.9500,token_fuzzy_unique,global_exact_name_unique,http://www.wikidata.org/entity/statement/Q19607-40f7b576-4a54-a69f-b273-4a852a1f6468
wikidata_P286_team_to_person,Q102720-76260a21-4271-14fe-48d5-29af6ac8d6e0,Hertha BSC,Sandro Schwarz,2022-06-02,2023-04-16,28,0,0.9500,exact_name,,http://www.wikidata.org/entity/statement/Q102720-76260a21-4271-14fe-48d5-29af6ac8d6e0
wikidata_P286_team_to_person,Q18721-34876808-4aa1-ccca-27c8-6173efa84b75,Norwich City,Dean Smith (futebolista),2021-11-15,2022-12-27,27,0,0.9500,token_fuzzy_unique,,http://www.wikidata.org/entity/statement/Q18721-34876808-4aa1-ccca-27c8-6173efa84b75
wikidata_P286_team_to_person,Q223620-3304a905-43d8-239d-4871-47c1e5e39c91,Deportivo Alavés,Javier Calleja Revilla,2021-04-05,2021-12-28,27,0,0.9500,exact_name,,http://www.wikidata.org/entity/statement/Q223620-3304a905-43d8-239d-4871-47c1e5e39c91
wikidata_P286_team_to_person,Q41420-56a6d85b-432c-2942-b7e9-3bcbc2fc11e1,Borussia Dortmund,Edin Terzić,2020-12-13,2021-06-30,27,0,0.9500,exact_name,global_exact_name_unique,http://www.wikidata.org/entity/statement/Q41420-56a6d85b-432c-2942-b7e9-3bcbc2fc11e1
wikidata_P286_team_to_person,Q10319-1e6daab0-4725-d7dd-901d-05e61fe3df02,Real Valladolid,Pacheta,2021-07-01,2023-04-03,27,0,0.9500,token_fuzzy_unique,,http://www.wikidata.org/entity/statement/Q10319-1e6daab0-4725-d7dd-901d-05e61fe3df02
wikidata_P286_team_to_person,Q18656-54e4d52c-40f0-3847-bd2a-237753a239fd,Manchester United,Ralf Rangnick,2021-12-03,2022-05-31,27,0,0.9500,token_fuzzy_unique,,http://www.wikidata.org/entity/statement/Q18656-54e4d52c-40f0-3847-bd2a-237753a239fd
wikidata_P286_team_to_person,Q104761-2ec73ca0-439f-1a80-227b-35697fde96d5,Bayer 04 Leverkusen,Peter Bosz,2020-01-01,2021-03-23,26,0,0.9500,exact_name,global_exact_name_unique,http://www.wikidata.org/entity/statement/Q104761-2ec73ca0-439f-1a80-227b-35697fde96d5
wikidata_P286_team_to_person,Q132885-e38eedfe-4ac2-ecb3-5431-4e100edcaa09,Olympique Marseille,André Villas-Boas,2020-01-01,2021-02-02,26,0,0.9500,token_fuzzy_unique,,http://www.wikidata.org/entity/statement/Q132885-e38eedfe-4ac2-ecb3-5431-4e100edcaa09
wikidata_P286_team_to_person,Q9616-479247d2-48c4-cd33-f25d-f4a684de77a6,Chelsea,Frank Lampard,2020-01-01,2021-01-25,25,0,0.9500,token_fuzzy_unique,global_exact_name_unique,http://www.wikidata.org/entity/statement/Q9616-479247d2-48c4-cd33-f25d-f4a684de77a6
wikidata_P286_team_to_person,Q188277-9f08185a-4007-1d33-edf4-a44f8ded29cb,Cruzeiro,Pepa (treinador),2023-03-20,2023-08-28,25,0,0.9500,token_fuzzy_unique,,http://www.wikidata.org/entity/statement/Q188277-9f08185a-4007-1d33-edf4-a44f8ded29cb
wikidata_P286_team_to_person,Q18744-0c746821-40c1-f7df-4700-131a3449e7f6,West Bromwich Albion,Sam Allardyce,2020-12-16,2021-06-30,25,0,0.9500,token_fuzzy_unique,,http://www.wikidata.org/entity/statement/Q18744-0c746821-40c1-f7df-4700-131a3449e7f6
wikidata_P286_team_to_person,Q75684-31fbe11d-46b2-8dc6-7994-44e145359342,Sporting Braga,Artur Jorge,2022-07-01,2024-04-02,25,12,0.9500,token_fuzzy_unique,same_team_assignment_name,http://www.wikidata.org/entity/statement/Q75684-31fbe11d-46b2-8dc6-7994-44e145359342
wikidata_P286_team_to_person,Q8806-8d241ccc-477a-c7af-b07b-ab0f6afab911,Getafe,José Bordalás,2023-04-29,2025-12-31,25,58,0.8075,token_fuzzy_unique,,http://www.wikidata.org/entity/statement/Q8806-8d241ccc-477a-c7af-b07b-ab0f6afab911
wikidata_P286_team_to_person,Q8639-ad1fec45-4cc1-c889-3106-f1ab6b5c4e2d,Hellas Verona,Marco Zaffaroni,2022-12-03,2023-06-30,24,0,0.9500,token_fuzzy_unique,global_exact_name_unique,http://www.wikidata.org/entity/statement/Q8639-ad1fec45-4cc1-c889-3106-f1ab6b5c4e2d
wikidata_P286_team_to_person,Q6690-9e5e9b3e-43e7-83f8-e132-c25abfd792d5,Crotone,Giovanni Stroppa,2020-01-01,2021-03-01,24,0,0.9500,token_fuzzy_unique,global_exact_name_unique,http://www.wikidata.org/entity/statement/Q6690-9e5e9b3e-43e7-83f8-e132-c25abfd792d5
wikidata_P286_team_to_person,Q5014111-40ac9e49-4741-3a29-363a-bc8bbd9bb117,Vasco da Gama,Ramón Díaz,2023-07-17,2024-04-28,24,6,0.9500,token_fuzzy_unique,same_team_assignment_name,http://www.wikidata.org/entity/statement/Q5014111-40ac9e49-4741-3a29-363a-bc8bbd9bb117
wikidata_P286_team_to_person,Q483020-CA9539D6-9B8A-42FD-8422-7BBA5087E9C7,Paris Saint Germain,Thomas Tuchel,2020-01-01,2020-12-29,23,0,0.9500,exact_name,global_exact_name_unique,http://www.wikidata.org/entity/statement/Q483020-CA9539D6-9B8A-42FD-8422-7BBA5087E9C7
wikidata_P286_team_to_person,Q188277-4602ad8c-4335-dc6b-7963-9c701c167472,Cruzeiro,Vanderlei Luxemburgo,2021-08-03,2021-12-28,23,0,0.9500,token_fuzzy_unique,,http://www.wikidata.org/entity/statement/Q188277-4602ad8c-4335-dc6b-7963-9c701c167472
wikidata_P286_team_to_person,Q270995-fdd12baa-4e73-28b9-8c44-bcd11311a7ad,Atlético Mineiro,Eduardo Coudet,2023-01-01,2023-06-16,23,0,0.9500,token_fuzzy_unique,global_exact_name_unique,http://www.wikidata.org/entity/statement/Q270995-fdd12baa-4e73-28b9-8c44-bcd11311a7ad
wikidata_P286_team_to_person,Q19500-68d5aa55-4e08-5138-9fd4-88c5a264f768,Wolverhampton Wanderers,Julen Lopetegui,2022-11-14,2023-08-08,23,0,0.9500,token_fuzzy_unique,,http://www.wikidata.org/entity/statement/Q19500-68d5aa55-4e08-5138-9fd4-88c5a264f768
wikidata_P286_team_to_person,Q19568-536b102c-4e30-6168-ee07-7dd95003edd7,AFC Bournemouth,Gary O'Neil,2022-11-28,2023-06-19,23,0,0.9500,exact_name,global_exact_name_unique,http://www.wikidata.org/entity/statement/Q19568-536b102c-4e30-6168-ee07-7dd95003edd7
wikidata_P286_team_to_person,Q10329-187cd8d3-466a-4977-e793-1bd1237323e6,Sevilla,José Luis Mendilibar,2023-03-21,2023-10-08,22,0,0.9500,token_fuzzy_unique,,http://www.wikidata.org/entity/statement/Q10329-187cd8d3-466a-4977-e793-1bd1237323e6
wikidata_P286_team_to_person,Q10329-ae3f7280-4b6d-b8a4-ef46-77aec14911dc,Sevilla,Jorge Sampaoli,2022-10-06,2023-03-20,22,0,0.9500,token_fuzzy_unique,,http://www.wikidata.org/entity/statement/Q10329-ae3f7280-4b6d-b8a4-ef46-77aec14911dc
wikidata_P286_team_to_person,Q19458-8ac6e6ef-4d8e-1263-7092-33a90502bf39,Burnley,Vincent Kompany,2022-07-01,2024-06-30,22,16,0.9500,token_fuzzy_unique,same_team_assignment_name,http://www.wikidata.org/entity/statement/Q19458-8ac6e6ef-4d8e-1263-7092-33a90502bf39
wikidata_P286_team_to_person,Q18520-f85c03f6-4eab-458c-671e-1732e959fada,Luton Town,Rob Edwards,2022-11-17,2025-01-08,21,17,0.9500,token_fuzzy_unique,same_team_assignment_name,http://www.wikidata.org/entity/statement/Q18520-f85c03f6-4eab-458c-671e-1732e959fada
wikidata_P286_team_to_person,Q270995-4ff45cc6-4b42-f177-efab-5bff45a8d7e5,Atlético Mineiro,Cuca,2022-07-29,2022-11-14,21,0,0.9500,token_fuzzy_unique,,http://www.wikidata.org/entity/statement/Q270995-4ff45cc6-4b42-f177-efab-5bff45a8d7e5
wikidata_P286_team_to_person,Q10512-8d50a884-4023-284f-21ad-f878dec58001,Elche,Jorge Almiron,2020-08-26,2021-02-12,21,0,0.9500,token_fuzzy_unique,,http://www.wikidata.org/entity/statement/Q10512-8d50a884-4023-284f-21ad-f878dec58001
wikidata_P286_team_to_person,Q19500-aa81160d-4d38-5c1a-1ef9-aaf5975409d4,Wolverhampton Wanderers,Gary O'Neil,2023-08-09,2024-12-15,21,33,0.9500,token_fuzzy_unique,same_team_assignment_name,http://www.wikidata.org/entity/statement/Q19500-aa81160d-4d38-5c1a-1ef9-aaf5975409d4
wikidata_P286_team_to_person,Q18741-9cc0642e-43e7-39b7-5ffe-a39de4e0f229,Tottenham Hotspur,Ange Postecoglou,2023-07-01,2025-06-06,20,56,0.9500,token_fuzzy_unique,same_team_assignment_name,http://www.wikidata.org/entity/statement/Q18741-9cc0642e-43e7-39b7-5ffe-a39de4e0f229
wikidata_P286_team_to_person,Q2768-131c0989-49b6-77a7-df6d-1d2b5558c9b2,Torino,Davide Nicola,2021-01-19,2021-05-28,20,0,0.9500,token_fuzzy_unique,global_exact_name_unique,http://www.wikidata.org/entity/statement/Q2768-131c0989-49b6-77a7-df6d-1d2b5558c9b2
wikidata_P286_team_to_person,Q9616-94e83b0e-4937-1fa1-c103-9476f286e82b,Chelsea,Mauricio Pochettino,2023-07-01,2024-06-30,20,18,0.9500,token_fuzzy_unique,,http://www.wikidata.org/entity/statement/Q9616-94e83b0e-4937-1fa1-c103-9476f286e82b
wikidata_P286_team_to_person,Q80955-dddff651-48fb-1cf7-563d-d5bb8c1fe22e,Santos,Fábio Carille,2021-09-08,2022-02-18,20,0,0.9500,token_fuzzy_unique,global_exact_name_unique,http://www.wikidata.org/entity/statement/Q80955-dddff651-48fb-1cf7-563d-d5bb8c1fe22e
wikidata_P286_team_to_person,Q221525-204da140-4c3d-7ab7-3522-b5f8259cddf3,Metz,László Bölöni,2022-06-16,2024-07-04,19,15,0.9500,token_fuzzy_unique,same_team_assignment_name,http://www.wikidata.org/entity/statement/Q221525-204da140-4c3d-7ab7-3522-b5f8259cddf3
wikidata_P286_team_to_person,Q19568-f1669c7f-4dae-8936-a1ae-178eca4a1a7f,AFC Bournemouth,Andoni Iraola,2023-07-01,2025-12-31,19,57,0.8075,exact_name,same_team_assignment_name,http://www.wikidata.org/entity/statement/Q19568-f1669c7f-4dae-8936-a1ae-178eca4a1a7f
wikidata_P286_team_to_person,Q223620-ab973402-4d4c-a24e-13a0-6e0ca72647e1,Deportivo Alavés,Luis García Plaza,2022-07-01,2024-12-02,18,35,0.9500,exact_name,same_team_assignment_name,http://www.wikidata.org/entity/statement/Q223620-ab973402-4d4c-a24e-13a0-6e0ca72647e1
wikidata_P286_team_to_person,Q223620-c60d6b60-4fa4-c045-4bb3-06e1fc39a8c8,Deportivo Alavés,Pablo Machín,2020-08-05,2021-01-12,18,0,0.9500,exact_name,,http://www.wikidata.org/entity/statement/Q223620-c60d6b60-4fa4-c045-4bb3-06e1fc39a8c8
wikidata_P286_team_to_person,Q10333-7a439b5c-4b37-4b8b-61a1-1c091c017207,Valencia,Gennaro Gattuso,2022-07-01,2023-01-30,18,0,0.9500,token_fuzzy_unique,global_exact_name_unique,http://www.wikidata.org/entity/statement/Q10333-7a439b5c-4b37-4b8b-61a1-1c091c017207
wikidata_P286_team_to_person,Q198032-7b1fa9a0-4054-a51f-3ad6-0f4fcb855442,Bahia,Enderson Moreira,2022-07-01,2022-10-01,18,0,0.9500,token_fuzzy_unique,,http://www.wikidata.org/entity/statement/Q198032-7b1fa9a0-4054-a51f-3ad6-0f4fcb855442
wikidata_P286_team_to_person,Q8639-273facd5-4ad5-6d5a-c151-50d406c1e38c,Hellas Verona,Marco Baroni,2023-07-01,2024-06-10,18,20,0.9500,token_fuzzy_unique,same_team_assignment_name,http://www.wikidata.org/entity/statement/Q8639-273facd5-4ad5-6d5a-c151-50d406c1e38c
wikidata_P286_team_to_person,Q2714-ba4c5718-4144-2e90-a5ce-a369d301d878,Watford,Roy Hodgson,2022-01-25,2022-06-30,18,0,0.9500,token_fuzzy_unique,global_exact_name_unique,http://www.wikidata.org/entity/statement/Q2714-ba4c5718-4144-2e90-a5ce-a369d301d878
wikidata_P286_team_to_person,Q2768-3fe7f7bb-4673-6240-2015-dba497ec1046,Torino,Marco Giampaolo,2020-08-07,2021-01-18,18,0,0.9500,token_fuzzy_unique,global_exact_name_unique,http://www.wikidata.org/entity/statement/Q2768-3fe7f7bb-4673-6240-2015-dba497ec1046
wikidata_P286_team_to_person,Q17479-bf8a203a-4d0f-f87e-55f8-32f3972903a8,Flamengo,Paulo Sousa,2021-12-29,2022-06-10,18,0,0.9500,token_fuzzy_unique,,http://www.wikidata.org/entity/statement/Q17479-bf8a203a-4d0f-f87e-55f8-32f3972903a8
wikidata_P286_team_to_person,Q13391-db7bccea-4f1e-6c46-c712-5e12147c2b9b,Lecce,Roberto D'Aversa,2023-06-27,2024-03-11,18,10,0.9500,token_fuzzy_unique,same_team_assignment_name,http://www.wikidata.org/entity/statement/Q13391-db7bccea-4f1e-6c46-c712-5e12147c2b9b
wikidata_P286_team_to_person,Q102720-30077bbe-4246-1ffa-0574-75c3b838d336,Hertha BSC,Bruno Labbadia,2020-04-09,2021-01-24,18,0,0.9500,exact_name,,http://www.wikidata.org/entity/statement/Q102720-30077bbe-4246-1ffa-0574-75c3b838d336
wikidata_P286_team_to_person,Q188430-bf7fd6b3-41f3-64a5-9066-980cb856ac7c,FC København,Jacob Neestrup,2022-09-20,2025-12-31,18,0,0.8075,token_fuzzy_unique,,http://www.wikidata.org/entity/statement/Q188430-bf7fd6b3-41f3-64a5-9066-980cb856ac7c
wikidata_P286_team_to_person,Q192071-7d8b7478-4636-ca46-8722-9ef88cbab8ac,Nantes,Pierre Aristouy,2023-05-09,2023-11-29,17,0,0.9500,token_fuzzy_unique,,http://www.wikidata.org/entity/statement/Q192071-7d8b7478-4636-ca46-8722-9ef88cbab8ac
wikidata_P286_team_to_person,Q80955-2bc133d5-4dc8-449a-a20a-cd821c7a04b3,Santos,Odair Hellmann,2022-11-16,2023-06-22,17,0,0.9500,token_fuzzy_unique,global_exact_name_unique,http://www.wikidata.org/entity/statement/Q80955-2bc133d5-4dc8-449a-a20a-cd821c7a04b3
wikidata_P286_team_to_person,Q41420-4ca102df-4618-4cf8-d028-faab0f3cc4f2,Borussia Dortmund,Lucien Favre,2020-01-01,2020-12-13,17,0,0.9500,exact_name,,http://www.wikidata.org/entity/statement/Q41420-4ca102df-4618-4cf8-d028-faab0f3cc4f2
wikidata_P286_team_to_person,Q19518-0c7407ca-4f63-b3d4-4c9e-4a133ff91721,Toulouse,Carles Martinez Novell,2023-07-01,2025-12-31,17,51,0.8075,token_fuzzy_unique,same_team_assignment_name,http://www.wikidata.org/entity/statement/Q19518-0c7407ca-4f63-b3d4-4c9e-4a133ff91721
wikidata_P286_team_to_person,Q18732-f2384ddb-4181-a58c-4e43-067fa0c195e8,Southampton,Rubén Sellés,2023-02-13,2023-06-30,16,0,0.9500,token_fuzzy_unique,,http://www.wikidata.org/entity/statement/Q18732-f2384ddb-4181-a58c-4e43-067fa0c195e8
wikidata_P286_team_to_person,Q38245-482b4bdd-4734-f996-c5b9-40fd306d211e,Eintracht Frankfurt,Dino Toppmöller,2023-07-01,2025-12-31,16,52,0.9500,exact_name,same_team_assignment_name,http://www.wikidata.org/entity/statement/Q38245-482b4bdd-4734-f996-c5b9-40fd306d211e
wikidata_P286_team_to_person,Q17479-39d0f50b-4291-c026-be53-ced13e933f70,Flamengo,Rogério Ceni,2020-11-10,2021-07-10,16,0,0.9500,token_fuzzy_unique,global_exact_name_unique,http://www.wikidata.org/entity/statement/Q17479-39d0f50b-4291-c026-be53-ced13e933f70
wikidata_P286_team_to_person,Q19593-ca2b0d3a-4a08-2411-0d4e-f7fddf718bd3,Celtic,Brendan Rodgers,2023-07-01,2025-10-28,16,0,0.9500,token_fuzzy_unique,global_exact_name_unique,http://www.wikidata.org/entity/statement/Q19593-ca2b0d3a-4a08-2411-0d4e-f7fddf718bd3
wikidata_P286_team_to_person,Q478167-42bdff1c-4a37-a59c-4d23-306d39148600,Bodø / Glimt,Kjetil Knutsen,2020-01-01,2025-12-31,16,0,0.8075,token_fuzzy_unique,global_exact_name_unique,http://www.wikidata.org/entity/statement/Q478167-42bdff1c-4a37-a59c-4d23-306d39148600
wikidata_P286_team_to_person,Q198032-f5efefd7-4cd9-e38c-c13e-71d0c9377855,Bahia,Rogério Ceni,2023-09-09,2025-12-31,16,102,0.8075,token_fuzzy_unique,same_team_assignment_name,http://www.wikidata.org/entity/statement/Q198032-f5efefd7-4cd9-e38c-c13e-71d0c9377855
wikidata_P286_team_to_person,Q838134-017d0310-4fb4-cf55-4742-88426561059f,Estrela Amadora,Sérgio Vieira,2022-07-01,2024-06-30,15,19,0.9500,token_fuzzy_unique,,http://www.wikidata.org/entity/statement/Q838134-017d0310-4fb4-cf55-4742-88426561059f
wikidata_P286_team_to_person,Q622432-a5315d25-4c19-29ae-71eb-da697b916075,Rio Ave,Luís Freire,2021-07-01,2024-11-05,15,29,0.9500,token_fuzzy_unique,,http://www.wikidata.org/entity/statement/Q622432-a5315d25-4c19-29ae-71eb-da697b916075
wikidata_P286_team_to_person,Q1387105-a378eaf0-40e1-0942-3d33-e91089c92c06,Famalicão,João Pedro Sousa,2022-09-22,2024-03-19,15,10,0.9500,token_fuzzy_unique,,http://www.wikidata.org/entity/statement/Q1387105-a378eaf0-40e1-0942-3d33-e91089c92c06
wikidata_P286_team_to_person,Q926438-24469548-42ae-f6c1-f46b-b49d9163b1e0,Gil Vicente,Vítor Campelos,2023-07-01,2024-04-08,15,13,0.9500,token_fuzzy_unique,,http://www.wikidata.org/entity/statement/Q926438-24469548-42ae-f6c1-f46b-b49d9163b1e0
wikidata_P286_team_to_person,Q19607-a6addc18-46ed-94c3-8bc7-9557f515a67c,Sheffield United,Paul Heckingbottom,2021-11-25,2023-12-05,14,0,0.9500,token_fuzzy_unique,global_exact_name_unique,http://www.wikidata.org/entity/statement/Q19607-a6addc18-46ed-94c3-8bc7-9557f515a67c
wikidata_P286_team_to_person,Q80955-f1fba155-4c58-91dd-8320-a75308925001,Santos,Marcelo Fernandes,2023-09-15,2023-12-06,14,0,0.9500,token_fuzzy_unique,global_exact_name_unique,http://www.wikidata.org/entity/statement/Q80955-f1fba155-4c58-91dd-8320-a75308925001
wikidata_P286_team_to_person,Q6703-3a7ded2b-4aff-95ab-b6ad-0317f29e1498,Empoli,Aurelio Andreazzoli,2023-09-19,2024-01-15,14,2,0.9500,token_fuzzy_unique,same_team_assignment_name,http://www.wikidata.org/entity/statement/Q6703-3a7ded2b-4aff-95ab-b6ad-0317f29e1498
wikidata_P286_team_to_person,Q2129100-b684e1eb-4851-90ed-534a-f5123a6e9b78,Maccabi Haifa,Barak Bakhar,2020-07-08,2023-06-30,14,0,0.9500,token_fuzzy_unique,global_exact_name_unique,http://www.wikidata.org/entity/statement/Q2129100-b684e1eb-4851-90ed-534a-f5123a6e9b78
wikidata_P286_team_to_person,q19628-916398BC-669D-474D-A504-3BB2CA50A6CD,Olympiacos F.C.,Pedro Martins,2020-01-01,2022-08-01,14,0,0.9500,token_fuzzy_unique,,http://www.wikidata.org/entity/statement/q19628-916398BC-669D-474D-A504-3BB2CA50A6CD
wikidata_P286_team_to_person,Q8812-af56a81c-48a1-1ed3-9d79-9f9dff7eeb4d,Granada,Paco López,2022-11-09,2023-11-26,14,0,0.9500,token_fuzzy_unique,,http://www.wikidata.org/entity/statement/Q8812-af56a81c-48a1-1ed3-9d79-9f9dff7eeb4d
wikidata_P286_team_to_person,Q193481-c9e5b6e2-483f-f9f6-7e92-6362bef2c4fe,Sparta Praha,Lars Friis,2024-06-01,2025-05-15,14,0,0.9500,token_fuzzy_unique,global_exact_name_unique,http://www.wikidata.org/entity/statement/Q193481-c9e5b6e2-483f-f9f6-7e92-6362bef2c4fe
wikidata_P286_team_to_person,Q2714-4aa1581d-4c4a-5a57-5927-d51039fed382,Watford,Claudio Ranieri,2021-10-04,2022-01-24,13,0,0.9500,token_fuzzy_unique,global_exact_name_unique,http://www.wikidata.org/entity/statement/Q2714-4aa1581d-4c4a-5a57-5927-d51039fed382
wikidata_P286_team_to_person,Q102720-bb59a159-4af0-b992-e274-41844f630b3d,Hertha BSC,Tayfun Korkut,2021-11-29,2022-03-13,13,0,0.9500,exact_name,,http://www.wikidata.org/entity/statement/Q102720-bb59a159-4af0-b992-e274-41844f630b3d
wikidata_P286_team_to_person,Q192071-65c67f3a-4a73-f708-df3c-9f2979ba3f6b,Nantes,Christian Gourcuff,2020-01-01,2020-12-08,13,0,0.9500,token_fuzzy_unique,,http://www.wikidata.org/entity/statement/Q192071-65c67f3a-4a73-f708-df3c-9f2979ba3f6b
wikidata_P286_team_to_person,Q18744-c91a53ec-473a-2de9-9bc0-c0ae3f84d162,West Bromwich Albion,Slaven Bilić,2020-01-01,2020-12-16,13,0,0.9500,token_fuzzy_unique,,http://www.wikidata.org/entity/statement/Q18744-c91a53ec-473a-2de9-9bc0-c0ae3f84d162
wikidata_P286_team_to_person,Q10329-e78e2c46-49a3-9e30-1722-3c6bf3c5c8d7,Sevilla,Diego Alonso,2023-10-10,2023-12-16,12,0,0.9500,token_fuzzy_unique,,http://www.wikidata.org/entity/statement/Q10329-e78e2c46-49a3-9e30-1722-3c6bf3c5c8d7
wikidata_P286_team_to_person,Q10512-196d23fd-4422-7a11-2ab0-878940a76a77,Elche,Sebastián Beccacece,2023-03-21,2024-06-30,12,0,0.9500,token_fuzzy_unique,global_exact_name_unique,http://www.wikidata.org/entity/statement/Q10512-196d23fd-4422-7a11-2ab0-878940a76a77
wikidata_P286_team_to_person,Q190916-93576333-47cb-a860-b179-32da7a04acc4,Club Brugge,Nicky Hayen,2024-03-18,2025-12-08,12,0,0.9500,token_fuzzy_unique,global_exact_name_unique,http://www.wikidata.org/entity/statement/Q190916-93576333-47cb-a860-b179-32da7a04acc4
wikidata_P286_team_to_person,Q190916-43f943a1-48b4-91ed-fdd4-778900ea2885,Club Brugge,Philippe Clement,2020-01-01,2022-01-03,12,0,0.9500,token_fuzzy_unique,global_exact_name_unique,http://www.wikidata.org/entity/statement/Q190916-43f943a1-48b4-91ed-fdd4-778900ea2885
wikidata_P286_team_to_person,Q206838-4a08a1cd-4819-5f58-4196-03c2c4c111ba,Viktoria Plzeň,Michal Bílek,2021-05-10,2023-05-01,12,0,0.9500,exact_name,,http://www.wikidata.org/entity/statement/Q206838-4a08a1cd-4819-5f58-4196-03c2c4c111ba
wikidata_P286_team_to_person,Q17479-058603b5-4743-d7f8-6f3e-dc215ebf55a7,Flamengo,Tite,2023-10-09,2024-09-30,12,43,0.9500,token_fuzzy_unique,,http://www.wikidata.org/entity/statement/Q17479-058603b5-4743-d7f8-6f3e-dc215ebf55a7
wikidata_P286_team_to_person,Q172803-543a7370-4524-7c01-2223-2b5388a12ac4,Dinamo Zagreb,Ante Čačić,2022-04-21,2023-04-05,12,0,0.9500,exact_name,,http://www.wikidata.org/entity/statement/Q172803-543a7370-4524-7c01-2223-2b5388a12ac4
wikidata_P286_team_to_person,Q223620-5def96ac-4eb0-51ca-3b46-4e6974d9aab1,Deportivo Alavés,José Luis Mendilibar,2021-12-28,2022-04-04,12,0,0.9500,exact_name,,http://www.wikidata.org/entity/statement/Q223620-5def96ac-4eb0-51ca-3b46-4e6974d9aab1
wikidata_P286_team_to_person,Q101859-b12ba733-465d-725b-55b4-bde5c5e997ea,VfL Wolfsburg,Mark van Bommel,2021-07-01,2021-10-24,12,0,0.9500,exact_name,global_exact_name_unique,http://www.wikidata.org/entity/statement/Q101859-b12ba733-465d-725b-55b4-bde5c5e997ea
wikidata_P286_team_to_person,Q10512-63a00791-4bb4-f40b-ce3d-9773c04f8d1d,Elche,Pablo Machín,2022-11-17,2023-03-20,12,0,0.9500,token_fuzzy_unique,,http://www.wikidata.org/entity/statement/Q10512-63a00791-4bb4-f40b-ce3d-9773c04f8d1d
wikidata_P286_team_to_person,Q203976-a254b6dd-4a1d-2ff6-eea0-279759d23a1c,Shamrock Rovers,Stephen Bradley,2020-01-01,2025-12-31,12,0,0.8075,token_fuzzy_unique,global_exact_name_unique,http://www.wikidata.org/entity/statement/Q203976-a254b6dd-4a1d-2ff6-eea0-279759d23a1c
wikidata_P286_team_to_person,Q208552-8b9e4044-44eb-24d2-b1b2-e5e154c4236a,Molde,Erling Moe,2020-01-01,2024-12-08,11,0,0.9500,token_fuzzy_unique,global_exact_name_unique,http://www.wikidata.org/entity/statement/Q208552-8b9e4044-44eb-24d2-b1b2-e5e154c4236a
wikidata_P286_team_to_person,Q9616-6c1bb5fb-4c95-97b9-ce77-62931271f332,Chelsea,Frank Lampard,2023-04-06,2023-06-30,11,0,0.9500,token_fuzzy_unique,global_exact_name_unique,http://www.wikidata.org/entity/statement/Q9616-6c1bb5fb-4c95-97b9-ce77-62931271f332
wikidata_P286_team_to_person,Q223620-6950b683-48b3-6413-0999-58a547e98d35,Deportivo Alavés,Abelardo Fernández,2021-01-12,2021-04-05,11,0,0.9500,exact_name,,http://www.wikidata.org/entity/statement/Q223620-6950b683-48b3-6413-0999-58a547e98d35
wikidata_P286_team_to_person,Q926438-6a979457-4261-1101-8752-3ba2f067e909,Gil Vicente,Daniel Sousa,2022-11-16,2023-11-30,11,0,0.9500,token_fuzzy_unique,global_exact_name_unique,http://www.wikidata.org/entity/statement/Q926438-6a979457-4261-1101-8752-3ba2f067e909
wikidata_P286_team_to_person,Q1386869-b3c0c891-440a-3eb6-d34e-e94181b5883f,Arouca,Daniel Ramos,2023-07-01,2023-11-15,11,0,0.9500,token_fuzzy_unique,,http://www.wikidata.org/entity/statement/Q1386869-b3c0c891-440a-3eb6-d34e-e94181b5883f
wikidata_P286_team_to_person,Q132885-52e5814d-4095-8cb7-86f9-0cb623bf6b7a,Olympique Marseille,Gennaro Gattuso,2023-09-27,2024-02-20,11,5,0.9500,token_fuzzy_unique,same_team_assignment_name,http://www.wikidata.org/entity/statement/Q132885-52e5814d-4095-8cb7-86f9-0cb623bf6b7a
wikidata_P286_team_to_person,Q1128631-7a44c8a1-406a-cc41-1630-22d5fd9d090a,Leeds United,Javi Gracia,2023-02-24,2023-05-02,11,0,0.9500,token_fuzzy_unique,,http://www.wikidata.org/entity/statement/Q1128631-7a44c8a1-406a-cc41-1630-22d5fd9d090a
wikidata_P286_team_to_person,Q19568-fcca6b27-4a9a-833b-0b57-f26e8c377c04,AFC Bournemouth,Gary O'Neil,2022-08-30,2022-11-27,11,0,0.9500,exact_name,global_exact_name_unique,http://www.wikidata.org/entity/statement/Q19568-fcca6b27-4a9a-833b-0b57-f26e8c377c04
wikidata_P286_team_to_person,Q10319-848de123-4ee0-ee51-b671-7cd1741bafc8,Real Valladolid,Paulo Pezzolano,2023-04-04,2024-12-01,11,15,0.9500,token_fuzzy_unique,,http://www.wikidata.org/entity/statement/Q10319-848de123-4ee0-ee51-b671-7cd1741bafc8
wikidata_P286_team_to_person,Q618520-76258e70-4e8e-d137-fe7d-c248638f521c,FC Midtjylland,Brian Priske,2020-01-01,2021-06-30,10,0,0.9500,token_fuzzy_unique,,http://www.wikidata.org/entity/statement/Q618520-76258e70-4e8e-d137-fe7d-c248638f521c
wikidata_P286_team_to_person,Q188277-72c3216d-46e0-6482-d206-c2d932c5f0f2,Cruzeiro,Zé Ricardo,2023-09-06,2023-11-13,10,0,0.9500,token_fuzzy_unique,,http://www.wikidata.org/entity/statement/Q188277-72c3216d-46e0-6482-d206-c2d932c5f0f2
wikidata_P286_team_to_person,Q1422-a88085d3-4fea-44e7-7e39-e09031a01df3,Juventus,Thiago Motta,2024-07-01,2025-03-23,10,29,0.9500,token_fuzzy_unique,same_team_assignment_name,http://www.wikidata.org/entity/statement/Q1422-a88085d3-4fea-44e7-7e39-e09031a01df3
wikidata_P286_team_to_person,Q19597-be17460c-4b29-8c13-4507-9d5610f3d03f,Rangers,Giovanni van Bronckhorst,2021-11-18,2022-11-21,10,0,0.9500,token_fuzzy_unique,global_exact_name_unique,http://www.wikidata.org/entity/statement/Q19597-be17460c-4b29-8c13-4507-9d5610f3d03f
wikidata_P286_team_to_person,Q80845-539594ca-42e5-9a52-6909-c046cd5ba6da,Internacional,Miguel Ángel Ramírez,2021-03-02,2021-06-11,10,0,0.9500,token_fuzzy_unique,,http://www.wikidata.org/entity/statement/Q80845-539594ca-42e5-9a52-6909-c046cd5ba6da
wikidata_P286_team_to_person,Q18741-83daf09d-47d5-19e9-0cf4-6e1437022beb,Tottenham Hotspur,Nuno Espírito Santo,2021-07-01,2021-11-01,10,0,0.9500,token_fuzzy_unique,global_exact_name_unique,http://www.wikidata.org/entity/statement/Q18741-83daf09d-47d5-19e9-0cf4-6e1437022beb
wikidata_P286_team_to_person,Q8639-722dece3-4e4b-e9a2-99be-f94a64ddc13c,Hellas Verona,Gabriele Cioffi,2022-06-14,2022-10-11,9,0,0.9262,token_fuzzy_unique,global_exact_name_unique,http://www.wikidata.org/entity/statement/Q8639-722dece3-4e4b-e9a2-99be-f94a64ddc13c
wikidata_P286_team_to_person,Q97905916-E23E459E-3A96-4FE1-9B3A-2994F9635892,FC Augsburg,Jess Thorup,2023-10-15,2025-05-23,9,52,0.9262,exact_name,same_team_assignment_name,http://www.wikidata.org/entity/statement/Q97905916-E23E459E-3A96-4FE1-9B3A-2994F9635892
wikidata_P286_team_to_person,Q244472-1bc3bf7a-46fe-1115-c139-39ad5e2f9586,Linfield,David Healy,2020-01-01,2025-12-31,9,0,0.7873,token_fuzzy_unique,,http://www.wikidata.org/entity/statement/Q244472-1bc3bf7a-46fe-1115-c139-39ad5e2f9586
wikidata_P286_team_to_person,Q2945011-d39b0a0b-4d19-a87d-ea0f-1fabeadf80d1,Cuiabá,Bernardo Franco,2024-08-28,2025-12-31,9,46,0.7873,token_fuzzy_unique,same_team_assignment_name,http://www.wikidata.org/entity/statement/Q2945011-d39b0a0b-4d19-a87d-ea0f-1fabeadf80d1
wikidata_P286_team_to_person,Q12297-8f23fd72-4b4e-b41e-06f4-56833de0c9b2,Villarreal,Pacheta,2023-09-09,2023-11-10,8,0,0.9025,token_fuzzy_unique,,http://www.wikidata.org/entity/statement/Q12297-8f23fd72-4b4e-b41e-06f4-56833de0c9b2
wikidata_P286_team_to_person,Q244317-2c520763-4ec3-764d-9045-c2467573d8b2,Pyunik,Yegishe Melikyan,2021-01-07,2025-08-05,8,0,0.9025,token_fuzzy_unique,,http://www.wikidata.org/entity/statement/Q244317-2c520763-4ec3-764d-9045-c2467573d8b2
wikidata_P286_team_to_person,Q220854-4387a734-4e92-d937-5c3c-af44cb2f9d50,Krasnodar,Murad Musayev,2020-01-01,2021-04-03,8,0,0.9025,token_fuzzy_unique,,http://www.wikidata.org/entity/statement/Q220854-4387a734-4e92-d937-5c3c-af44cb2f9d50
wikidata_P286_team_to_person,Q19593-0ad75bd4-4570-ab8f-da84-1e8e5a9a5c94,Celtic,Ange Postecoglou,2021-06-10,2023-06-06,8,0,0.9025,token_fuzzy_unique,global_exact_name_unique,http://www.wikidata.org/entity/statement/Q19593-0ad75bd4-4570-ab8f-da84-1e8e5a9a5c94
wikidata_P286_team_to_person,Q19607-0f0fc35b-48e8-0e01-08a0-80f7f20878d7,Sheffield United,Chris Wilder,2023-12-05,2025-06-18,8,16,0.9025,token_fuzzy_unique,same_team_assignment_name,http://www.wikidata.org/entity/statement/Q19607-0f0fc35b-48e8-0e01-08a0-80f7f20878d7
wikidata_P286_team_to_person,Q19481-a5378136-4035-5dff-baa1-64a594165d6a,Leicester City,Dean Smith (futebolista),2023-04-11,2023-06-30,8,0,0.9025,token_fuzzy_unique,,http://www.wikidata.org/entity/statement/Q19481-a5378136-4035-5dff-baa1-64a594165d6a
wikidata_P286_team_to_person,Q104761-20c5606c-4c6b-dcc4-6930-e37aa365e6a4,Bayer 04 Leverkusen,Hannes Wolf,2021-03-23,2021-06-30,8,0,0.9025,exact_name,,http://www.wikidata.org/entity/statement/Q104761-20c5606c-4c6b-dcc4-6930-e37aa365e6a4
wikidata_P286_team_to_person,Q102720-756f55f4-41c9-d1e3-9bdf-24dc01c98fc0,Hertha BSC,Felix Magath,2022-03-13,2022-06-02,8,0,0.9025,exact_name,,http://www.wikidata.org/entity/statement/Q102720-756f55f4-41c9-d1e3-9bdf-24dc01c98fc0
wikidata_P286_team_to_person,Q134241-fc24fd9a-47c3-1c74-02ac-413cb0a321b7,Feyenoord,Brian Priske,2024-07-01,2025-02-10,8,0,0.9025,exact_name,,http://www.wikidata.org/entity/statement/Q134241-fc24fd9a-47c3-1c74-02ac-413cb0a321b7
wikidata_P286_team_to_person,Q223620-c8a0ff55-4330-d46c-e4a8-22fd24018a19,Deportivo Alavés,Julio Velázquez,2022-04-05,2022-06-30,8,0,0.9025,exact_name,global_exact_name_unique,http://www.wikidata.org/entity/statement/Q223620-c8a0ff55-4330-d46c-e4a8-22fd24018a19
wikidata_P286_team_to_person,Q18732-b0789d51-444a-9a3c-2504-770b6dde6a31,Southampton,Nathan Jones,2022-11-10,2023-02-12,8,0,0.9025,token_fuzzy_unique,global_exact_name_unique,http://www.wikidata.org/entity/statement/Q18732-b0789d51-444a-9a3c-2504-770b6dde6a31
wikidata_P286_team_to_person,Q172803-bbb5faee-4104-01dd-4d95-acff8d45424f,Dinamo Zagreb,Damir Krznar,2021-03-18,2021-12-01,8,0,0.9025,exact_name,global_exact_name_unique,http://www.wikidata.org/entity/statement/Q172803-bbb5faee-4104-01dd-4d95-acff8d45424f
wikidata_P286_team_to_person,Q194393-5be0b9b3-445b-0aca-7a03-1c0a03c2b06e,Slavia Praha,Jindřich Trpišovský,2020-01-01,2025-12-31,8,0,0.7035,token_fuzzy_unique,global_exact_name_unique,http://www.wikidata.org/entity/statement/Q194393-5be0b9b3-445b-0aca-7a03-1c0a03c2b06e
wikidata_P286_team_to_person,Q2714-0dd4ebcc-4321-30c3-17c3-aaed45d10cc3,Watford,Xisco,2020-12-20,2021-10-03,7,0,0.8788,token_fuzzy_unique,,http://www.wikidata.org/entity/statement/Q2714-0dd4ebcc-4321-30c3-17c3-aaed45d10cc3
wikidata_P286_team_to_person,Q132885-101cd228-41af-bb1f-56ed-50b87eec5e58,Olympique Marseille,Marcelino García Toral,2023-07-01,2023-09-20,7,0,0.8788,token_fuzzy_unique,,http://www.wikidata.org/entity/statement/Q132885-101cd228-41af-bb1f-56ed-50b87eec5e58
wikidata_P286_team_to_person,Q704-f7c256bf-4c1e-79c1-aa88-675ae4d74287,Olympique Lyonnais,Fabio Grosso,2023-09-18,2023-11-30,7,0,0.8788,exact_name,global_exact_name_unique,http://www.wikidata.org/entity/statement/Q704-f7c256bf-4c1e-79c1-aa88-675ae4d74287
wikidata_P286_team_to_person,Q132885-7f43e3b8-40fc-e69d-764e-838bbd35c4b7,Olympique Marseille,Nasser Larguet,2021-02-03,2021-03-07,7,0,0.8788,token_fuzzy_unique,,http://www.wikidata.org/entity/statement/Q132885-7f43e3b8-40fc-e69d-764e-838bbd35c4b7
wikidata_P286_team_to_person,Q19500-4051edbc-4312-ad29-2193-bb3d99280f3d,Wolverhampton Wanderers,Steve Davis,2022-10-03,2022-11-13,7,0,0.8788,token_fuzzy_unique,,http://www.wikidata.org/entity/statement/Q19500-4051edbc-4312-ad29-2193-bb3d99280f3d
wikidata_P286_team_to_person,Q41420-a60c2e25-4142-0464-cc6f-db0c7f81a038,Borussia Dortmund,Nuri Şahin,2024-06-14,2025-01-22,7,18,0.8788,exact_name,same_team_assignment_name,http://www.wikidata.org/entity/statement/Q41420-a60c2e25-4142-0464-cc6f-db0c7f81a038
wikidata_P286_team_to_person,Q192071-f1acd6f4-479e-13a5-1b15-0969d6e59bd9,Nantes,Raymond Domenech,2020-12-26,2021-02-10,7,0,0.8788,token_fuzzy_unique,,http://www.wikidata.org/entity/statement/Q192071-f1acd6f4-479e-13a5-1b15-0969d6e59bd9
wikidata_P286_team_to_person,Q80955-8a8c3d73-4d78-9f51-c44f-298634b4d8f7,Santos,Paulo Turra,2023-06-23,2023-08-06,7,0,0.8788,token_fuzzy_unique,,http://www.wikidata.org/entity/statement/Q80955-8a8c3d73-4d78-9f51-c44f-298634b4d8f7
wikidata_P286_team_to_person,Q204881-3b0bd34c-4c15-4d60-88e7-a4b1835768ff,Malmö FF,Henrik Rydström,2022-12-01,2025-09-26,6,0,0.8550,exact_name,global_exact_name_unique,http://www.wikidata.org/entity/statement/Q204881-3b0bd34c-4c15-4d60-88e7-a4b1835768ff
wikidata_P286_team_to_person,Q289482-771f7543-4de5-504a-71e8-7a32b5ff1840,Monza,Giovanni Stroppa,2021-07-01,2022-09-13,6,0,0.8550,token_fuzzy_unique,global_exact_name_unique,http://www.wikidata.org/entity/statement/Q289482-771f7543-4de5-504a-71e8-7a32b5ff1840
wikidata_P286_team_to_person,Q4122219-59ccf200-49cf-1048-a75f-328541f37340,Panathinaikos,Ivan Jovanović,2021-06-17,2023-12-26,6,0,0.8550,exact_name,,http://www.wikidata.org/entity/statement/Q4122219-59ccf200-49cf-1048-a75f-328541f37340
wikidata_P286_team_to_person,Q179658-a8ae07be-4a3e-3188-5a43-05e4e26f4d7f,FCSB,Ilias Charalambous,2023-03-30,2025-12-31,6,0,0.8550,exact_name,global_exact_name_unique,http://www.wikidata.org/entity/statement/Q179658-a8ae07be-4a3e-3188-5a43-05e4e26f4d7f
wikidata_P286_team_to_person,Q618520-4385ebd8-4876-1d19-0e6c-d9d289c8a9a4,FC Midtjylland,Thomas Thomasberg,2023-03-23,2025-09-01,6,0,0.8550,token_fuzzy_unique,global_exact_name_unique,http://www.wikidata.org/entity/statement/Q618520-4385ebd8-4876-1d19-0e6c-d9d289c8a9a4
wikidata_P286_team_to_person,Q18741-83894a53-4c37-6257-d2a5-5b250a88dce4,Tottenham Hotspur,Ryan Mason,2021-04-20,2021-06-30,6,0,0.8550,token_fuzzy_unique,,http://www.wikidata.org/entity/statement/Q18741-83894a53-4c37-6257-d2a5-5b250a88dce4
wikidata_P286_team_to_person,Q198032-ed158e64-4db9-9156-e4fc-894c39085011,Bahia,Eduardo Barroca,2022-10-03,2022-12-06,6,0,0.8550,token_fuzzy_unique,,http://www.wikidata.org/entity/statement/Q198032-ed158e64-4db9-9156-e4fc-894c39085011
wikidata_P286_team_to_person,Q134241-2b494a6f-4c27-aeed-6606-18cf81385b78,Feyenoord,Arne Slot,2021-07-01,2024-06-30,6,0,0.8550,exact_name,global_exact_name_unique,http://www.wikidata.org/entity/statement/Q134241-2b494a6f-4c27-aeed-6606-18cf81385b78
wikidata_P286_team_to_person,Q188277-9602a160-4008-daaf-2c5a-216d1ec36ac2,Cruzeiro,Felipe Conceição,2021-02-01,2021-06-10,6,0,0.8550,token_fuzzy_unique,,http://www.wikidata.org/entity/statement/Q188277-9602a160-4008-daaf-2c5a-216d1ec36ac2
wikidata_P286_team_to_person,Q8812-b3269a19-4969-b19c-7b1f-61af94bd0d7e,Granada,Alexander Medina,2023-11-27,2024-03-19,6,8,0.8550,token_fuzzy_unique,,http://www.wikidata.org/entity/statement/Q8812-b3269a19-4969-b19c-7b1f-61af94bd0d7e
wikidata_P286_team_to_person,Q1718604-7c31ce86-4ce1-f879-93b0-3ed281aadc59,KF Ballkani,Ilir Daja,2022-01-05,2024-09-02,6,0,0.8550,token_fuzzy_unique,,http://www.wikidata.org/entity/statement/Q1718604-7c31ce86-4ce1-f879-93b0-3ed281aadc59
wikidata_P286_team_to_person,Q1543-31c40929-470a-4a9a-f44b-a1586a74389a,AC Milan,Paulo Fonseca,2024-07-01,2024-12-30,6,17,0.8550,token_fuzzy_unique,,http://www.wikidata.org/entity/statement/Q1543-31c40929-470a-4a9a-f44b-a1586a74389a
wikidata_P286_team_to_person,Q221525-dcb584ee-4f18-c34f-b7b2-b3e4569f9fe3,Metz,Vincent Hognon,2020-01-01,2020-10-12,6,0,0.8550,token_fuzzy_unique,global_exact_name_unique,http://www.wikidata.org/entity/statement/Q221525-dcb584ee-4f18-c34f-b7b2-b3e4569f9fe3
wikidata_P286_team_to_person,Q8812-6cbdc2f6-422e-b05f-5f14-e3ee08072769,Granada,Aitor Karanka,2022-04-18,2022-11-08,6,0,0.8550,token_fuzzy_unique,,http://www.wikidata.org/entity/statement/Q8812-6cbdc2f6-422e-b05f-5f14-e3ee08072769
wikidata_P286_team_to_person,Q18741-79c5b740-455f-af22-d31e-0cf1f1178751,Tottenham Hotspur,Ryan Mason,2023-04-24,2023-06-30,6,0,0.8550,token_fuzzy_unique,,http://www.wikidata.org/entity/statement/Q18741-79c5b740-455f-af22-d31e-0cf1f1178751
wikidata_P286_team_to_person,Q3241301-0391257c-4a77-e9ef-6a69-f0fce5f55878,Lincoln Red Imps,Javier Muñoz Arévalo,2023-01-01,2024-09-05,6,0,0.8550,token_fuzzy_unique,,http://www.wikidata.org/entity/statement/Q3241301-0391257c-4a77-e9ef-6a69-f0fce5f55878
wikidata_P286_team_to_person,Q102720-5b984dca-4285-df12-8e13-3281321ef8e0,Hertha BSC,Pál Dárdai,2023-04-16,2024-07-01,6,0,0.8550,exact_name,global_exact_name_unique,http://www.wikidata.org/entity/statement/Q102720-5b984dca-4285-df12-8e13-3281321ef8e0
wikidata_P286_team_to_person,Q618520-8dcd2dba-40bd-075c-51ab-0c06747a6fcf,FC Midtjylland,Bo Henriksen,2021-07-01,2022-07-28,6,0,0.8550,token_fuzzy_unique,global_exact_name_unique,http://www.wikidata.org/entity/statement/Q618520-8dcd2dba-40bd-075c-51ab-0c06747a6fcf
wikidata_P286_team_to_person,Q190916-b3657c27-4d1c-0877-256c-9cf9ebb179d8,Club Brugge,Carl Hoefkens,2022-05-25,2022-12-28,6,0,0.8550,token_fuzzy_unique,global_exact_name_unique,http://www.wikidata.org/entity/statement/Q190916-b3657c27-4d1c-0877-256c-9cf9ebb179d8
wikidata_P286_team_to_person,Q390183-92d0e6bf-4f6c-f5b2-f866-6bb0d7bb89b9,The New Saints,Craig Harrison,2022-08-04,2025-12-31,6,0,0.7268,token_fuzzy_unique,global_exact_name_unique,http://www.wikidata.org/entity/statement/Q390183-92d0e6bf-4f6c-f5b2-f866-6bb0d7bb89b9
wikidata_P286_team_to_person,Q41420-775d2d99-4f95-7b53-6eac-5e57fa6e0a96,Borussia Dortmund,Niko Kovač,2025-01-30,2025-12-31,6,15,0.7268,exact_name,same_team_assignment_name,http://www.wikidata.org/entity/statement/Q41420-775d2d99-4f95-7b53-6eac-5e57fa6e0a96
wikidata_P286_team_to_person,Q704-1b92980a-4f29-6403-dac9-0bc5a3d7c8e4,Olympique Lyonnais,Pierre Sage,2023-11-30,2025-01-27,5,36,0.8312,exact_name,same_team_assignment_name,http://www.wikidata.org/entity/statement/Q704-1b92980a-4f29-6403-dac9-0bc5a3d7c8e4
wikidata_P286_team_to_person,Q10512-e5c75fb1-4ff4-d651-efd3-2d8e9ca2b10d,Elche,Jorge Almiron,2022-10-12,2022-11-07,5,0,0.8312,token_fuzzy_unique,,http://www.wikidata.org/entity/statement/Q10512-e5c75fb1-4ff4-d651-efd3-2d8e9ca2b10d
wikidata_P286_team_to_person,Q80955-d6e0c419-49ba-c840-3d88-81892f2c6066,Santos,Ariel Holan,2021-03-01,2021-04-26,5,0,0.8312,token_fuzzy_unique,global_exact_name_unique,http://www.wikidata.org/entity/statement/Q80955-d6e0c419-49ba-c840-3d88-81892f2c6066
wikidata_P286_team_to_person,Q8812-1f2fcc0c-484b-6d20-0a77-1d643b09be3f,Granada,Rubén Torrecilla,2022-03-07,2022-04-17,5,0,0.8312,token_fuzzy_unique,global_exact_name_unique,http://www.wikidata.org/entity/statement/Q8812-1f2fcc0c-484b-6d20-0a77-1d643b09be3f
wikidata_P286_team_to_person,Q80955-cd20d147-47fc-a13b-85a5-1e760e7afa19,Santos,Diego Aguirre,2023-08-06,2023-09-15,5,0,0.8312,token_fuzzy_unique,,http://www.wikidata.org/entity/statement/Q80955-cd20d147-47fc-a13b-85a5-1e760e7afa19
wikidata_P286_team_to_person,Q172803-97e2db87-4373-37a8-0d9f-9d02c34a94a9,Dinamo Zagreb,Nenad Bjelica,2024-09-26,2024-12-29,5,0,0.8312,exact_name,global_exact_name_unique,http://www.wikidata.org/entity/statement/Q172803-97e2db87-4373-37a8-0d9f-9d02c34a94a9
wikidata_P286_team_to_person,Q141971-48db1142-49ee-218a-5f82-4fda0c62fe4d,FC Union Berlin,Nenad Bjelica,2023-11-27,2024-05-06,5,17,0.8312,token_fuzzy_unique,same_team_assignment_name,http://www.wikidata.org/entity/statement/Q141971-48db1142-49ee-218a-5f82-4fda0c62fe4d
wikidata_P286_team_to_person,Q12297-58c4c72c-45ab-b3c8-378d-98bb13772f4c,Villarreal,Marcelino García Toral,2023-11-13,2025-12-31,5,58,0.7066,token_fuzzy_unique,,http://www.wikidata.org/entity/statement/Q12297-58c4c72c-45ab-b3c8-378d-98bb13772f4c
wikidata_P286_team_to_person,Q211477-0aa8cbff-4fcd-c8c7-f4a3-23dee2e613e8,Dinamo Minsk,Vadim Skripchenko,2022-11-23,2025-07-21,4,0,0.8075,token_fuzzy_unique,global_exact_name_unique,http://www.wikidata.org/entity/statement/Q211477-0aa8cbff-4fcd-c8c7-f4a3-23dee2e613e8
wikidata_P286_team_to_person,Q3241301-a23415bc-4a65-21b1-d3c9-21cfb8f48a3b,Lincoln Red Imps,Mick McElwee,2020-10-05,2022-06-01,4,0,0.8075,token_fuzzy_unique,,http://www.wikidata.org/entity/statement/Q3241301-a23415bc-4a65-21b1-d3c9-21cfb8f48a3b
wikidata_P286_team_to_person,Q19568-124a7f73-444e-fbbb-d534-7bd85418319a,AFC Bournemouth,Scott Parker,2021-07-01,2022-08-30,4,0,0.8075,exact_name,global_exact_name_unique,http://www.wikidata.org/entity/statement/Q19568-124a7f73-444e-fbbb-d534-7bd85418319a
wikidata_P286_team_to_person,Q219235-10a8a63f-4fa6-b51e-ace8-2674c9d4438f,Servette,René Weiler,2023-07-01,2024-06-30,4,0,0.8075,token_fuzzy_unique,global_exact_name_unique,http://www.wikidata.org/entity/statement/Q219235-10a8a63f-4fa6-b51e-ace8-2674c9d4438f
wikidata_P286_team_to_person,Q19597-8a16c131-4f3d-d7e9-3103-0cfaced1889a,Rangers,Michael Beale,2022-11-28,2023-10-01,4,0,0.8075,token_fuzzy_unique,global_exact_name_unique,http://www.wikidata.org/entity/statement/Q19597-8a16c131-4f3d-d7e9-3103-0cfaced1889a
wikidata_P286_team_to_person,Q1386869-dcc0848c-49e0-2329-5a28-d1f5a0d21800,Arouca,Daniel Sousa,2023-11-15,2024-06-30,4,19,0.8075,token_fuzzy_unique,same_team_assignment_name,http://www.wikidata.org/entity/statement/Q1386869-dcc0848c-49e0-2329-5a28-d1f5a0d21800
wikidata_P286_team_to_person,Q10333-c11f185b-4e70-6ad5-09ed-565f7a506fcf,Valencia,Voro,2021-05-03,2021-06-30,4,0,0.8075,token_fuzzy_unique,,http://www.wikidata.org/entity/statement/Q10333-c11f185b-4e70-6ad5-09ed-565f7a506fcf
wikidata_P286_team_to_person,Q18741-59346d36-4fbf-85d3-6858-0661bb3d1b5a,Tottenham Hotspur,Cristian Stellini,2023-03-26,2023-04-24,4,0,0.8075,token_fuzzy_unique,global_exact_name_unique,http://www.wikidata.org/entity/statement/Q18741-59346d36-4fbf-85d3-6858-0661bb3d1b5a
wikidata_P286_team_to_person,Q16839383-e9e2a7cd-42d3-30f4-426e-ba1af6dd9512,Shkupi,Goce Sedloski,2021-04-16,2022-09-04,4,0,0.8075,token_fuzzy_unique,,http://www.wikidata.org/entity/statement/Q16839383-e9e2a7cd-42d3-30f4-426e-ba1af6dd9512
wikidata_P286_team_to_person,Q367788-de3d503d-42b8-b86c-cff6-5bf0da861a2d,Aris Limassol,Aleksey Shpilevsky,2022-02-26,2025-05-19,4,0,0.8075,token_fuzzy_unique,,http://www.wikidata.org/entity/statement/Q367788-de3d503d-42b8-b86c-cff6-5bf0da861a2d
wikidata_P286_team_to_person,Q17479-ade99162-4a6f-07db-4e21-0b5b6de39dbf,Flamengo,Maurício Souza,2021-11-29,2021-12-29,4,0,0.8075,token_fuzzy_unique,,http://www.wikidata.org/entity/statement/Q17479-ade99162-4a6f-07db-4e21-0b5b6de39dbf
wikidata_P286_team_to_person,Q192071-b133b152-4613-a862-3628-d9b3091cdfb2,Nantes,Jocelyn Gourvennec,2023-11-29,2024-03-17,4,9,0.8075,token_fuzzy_unique,same_team_assignment_name,http://www.wikidata.org/entity/statement/Q192071-b133b152-4613-a862-3628-d9b3091cdfb2
wikidata_P286_team_to_person,Q639723-9e701b52-4e37-2575-d3ca-60c9f0470b53,Häcken,Per-Mathias Høgmo,2021-06-12,2023-12-31,4,0,0.8075,token_fuzzy_unique,global_exact_name_unique,http://www.wikidata.org/entity/statement/Q639723-9e701b52-4e37-2575-d3ca-60c9f0470b53
wikidata_P286_team_to_person,Q128897-fd5f6d65-42a1-2d32-4061-8235268a4712,Borac Banja Luka,Mladen Žižović,2024-06-11,2025-07-18,4,0,0.8075,token_fuzzy_unique,global_exact_name_unique,http://www.wikidata.org/entity/statement/Q128897-fd5f6d65-42a1-2d32-4061-8235268a4712
wikidata_P286_team_to_person,Q598834-d0111aae-47e8-69f4-d93a-55c818be4c6d,Criciúma,Paulo Baier,2021-05-14,2021-10-04,4,0,0.8075,token_fuzzy_unique,,http://www.wikidata.org/entity/statement/Q598834-d0111aae-47e8-69f4-d93a-55c818be4c6d
wikidata_P286_team_to_person,Q221752-830ad482-4f9d-e875-8bfd-9ba6c686d3f8,F91 Dudelange,Carlos Fangueiro,2020-07-01,2023-06-30,4,0,0.8075,exact_name,,http://www.wikidata.org/entity/statement/Q221752-830ad482-4f9d-e875-8bfd-9ba6c686d3f8
wikidata_P286_team_to_person,Q193481-d07a3bff-4ba6-6e10-4aac-070b4831acb2,Sparta Praha,Pavel Vrba,2021-02-03,2022-05-09,4,0,0.8075,token_fuzzy_unique,,http://www.wikidata.org/entity/statement/Q193481-d07a3bff-4ba6-6e10-4aac-070b4831acb2
wikidata_P286_team_to_person,Q1128631-3c576784-4054-df1c-530b-0b9ca7182aa9,Leeds United,Sam Allardyce,2023-05-03,2023-06-30,4,0,0.8075,token_fuzzy_unique,,http://www.wikidata.org/entity/statement/Q1128631-3c576784-4054-df1c-530b-0b9ca7182aa9
wikidata_P286_team_to_person,Q420594-e729d561-4004-f29a-d563-7309e5befc8e,Kairat,Kirill Keker,2021-06-07,2021-08-13,4,0,0.8075,token_fuzzy_unique,,http://www.wikidata.org/entity/statement/Q420594-e729d561-4004-f29a-d563-7309e5befc8e
wikidata_P286_team_to_person,Q221766-027d5358-4513-70dd-c201-3d70e6076684,UE Santa Coloma,Federico Bessone,2023-11-27,2025-09-21,4,0,0.8075,token_fuzzy_unique,,http://www.wikidata.org/entity/statement/Q221766-027d5358-4513-70dd-c201-3d70e6076684
wikidata_P286_team_to_person,Q188430-efe75c76-4fed-834d-ca1d-423beabbdc6b,FC København,Jess Thorup,2020-11-02,2022-09-20,4,0,0.8075,token_fuzzy_unique,global_exact_name_unique,http://www.wikidata.org/entity/statement/Q188430-efe75c76-4fed-834d-ca1d-423beabbdc6b
wikidata_P286_team_to_person,Q1543-138e919a-4582-298b-fa53-fb6250b64888,AC Milan,Sérgio Conceição,2024-12-30,2025-05-29,4,21,0.8075,token_fuzzy_unique,,http://www.wikidata.org/entity/statement/Q1543-138e919a-4582-298b-fa53-fb6250b64888
wikidata_P286_team_to_person,Q172803-64f83ab3-4ffc-cd83-294c-e6a3b51779c2,Dinamo Zagreb,Igor Bišćan,2023-04-06,2023-08-21,4,0,0.8075,exact_name,global_exact_name_unique,http://www.wikidata.org/entity/statement/Q172803-64f83ab3-4ffc-cd83-294c-e6a3b51779c2
wikidata_P286_team_to_person,Q201584-e220cde9-4399-c810-9655-b078e5c69b94,AEK Athens,Matías Almeyda,2022-07-01,2025-05-13,4,0,0.7268,token_fuzzy_unique,global_exact_name_unique,http://www.wikidata.org/entity/statement/Q201584-e220cde9-4399-c810-9655-b078e5c69b94
wikidata_P286_team_to_person,Q189170-5260859a-4bec-5317-c457-57b4946a408b,Jagiellonia Białystok,Adrian Siemieniec,2023-04-04,2025-12-31,4,0,0.6864,exact_name,global_exact_name_unique,http://www.wikidata.org/entity/statement/Q189170-5260859a-4bec-5317-c457-57b4946a408b
wikidata_P286_team_to_person,Q204888-d53997af-4b2b-17b2-20f2-1c3a8f4f45c5,PAOK,Răzvan Lucescu,2021-05-26,2025-12-31,4,0,0.6864,exact_name,global_exact_name_unique,http://www.wikidata.org/entity/statement/Q204888-d53997af-4b2b-17b2-20f2-1c3a8f4f45c5
wikidata_P286_team_to_person,Q772725-0c84d4c2-49c5-c607-f621-4050468cc7b5,Dinamo Brest,Sergey Petrovich Kovalchuk,2020-01-01,2022-05-01,3,0,0.7837,token_fuzzy_unique,,http://www.wikidata.org/entity/statement/Q772725-0c84d4c2-49c5-c607-f621-4050468cc7b5
wikidata_P286_team_to_person,Q172803-8a08764b-40b8-f008-cc40-81e68e0a0344,Dinamo Zagreb,Sergej Jakirović,2023-08-21,2024-09-19,3,0,0.7837,exact_name,global_exact_name_unique,http://www.wikidata.org/entity/statement/Q172803-8a08764b-40b8-f008-cc40-81e68e0a0344
wikidata_P286_team_to_person,Q8639-b7b15889-446c-7bf5-cd0e-1b5b686dbe9f,Hellas Verona,Eusebio Di Francesco,2021-06-07,2021-09-14,3,0,0.7837,token_fuzzy_unique,global_exact_name_unique,http://www.wikidata.org/entity/statement/Q8639-b7b15889-446c-7bf5-cd0e-1b5b686dbe9f
wikidata_P286_team_to_person,Q10333-fb0578fc-44d9-a097-50a1-53b1a6a911b1,Valencia,Voro,2023-01-31,2023-02-13,3,0,0.7837,token_fuzzy_unique,,http://www.wikidata.org/entity/statement/Q10333-fb0578fc-44d9-a097-50a1-53b1a6a911b1
wikidata_P286_team_to_person,Q19490-d426bcb4-4a35-89a3-e90c-dd447bfd644c,Nottingham Forest,Nuno Espírito Santo,2023-12-20,2025-09-09,3,56,0.7837,token_fuzzy_unique,same_team_assignment_name,http://www.wikidata.org/entity/statement/Q19490-d426bcb4-4a35-89a3-e90c-dd447bfd644c
wikidata_P286_team_to_person,Q1718607-a5c1f83c-4a31-b478-b566-9a879325886c,Drita,Ardian Nuhiu,2020-01-01,2022-11-24,2,0,0.7600,token_fuzzy_unique,,http://www.wikidata.org/entity/statement/Q1718607-a5c1f83c-4a31-b478-b566-9a879325886c
wikidata_P286_team_to_person,Q80845-8084e9f5-4e6a-e7fc-58c3-2b5f02f13cdd,Internacional,Alexander Medina,2022-01-01,2022-04-15,2,0,0.7600,token_fuzzy_unique,,http://www.wikidata.org/entity/statement/Q80845-8084e9f5-4e6a-e7fc-58c3-2b5f02f13cdd
wikidata_P286_team_to_person,q19597-A88CBC3B-7A88-4F3A-A907-E4C7500C0ED0,Rangers,Steven Gerrard,2020-01-01,2021-11-11,2,0,0.7600,token_fuzzy_unique,,http://www.wikidata.org/entity/statement/q19597-A88CBC3B-7A88-4F3A-A907-E4C7500C0ED0
wikidata_P286_team_to_person,Q30964198-d8a7dae0-4109-f578-e862-5e78113e80d8,Dnipro-1,Oleksandr Kucher,2022-07-29,2023-08-20,2,0,0.7600,token_fuzzy_unique,,http://www.wikidata.org/entity/statement/Q30964198-d8a7dae0-4109-f578-e862-5e78113e80d8
wikidata_P286_team_to_person,Q849889-84f48ac9-409f-fb82-dc89-8c4862ef1570,Ordabasy,Aleksandr Sednyov,2021-01-19,2024-08-18,2,0,0.7600,token_fuzzy_unique,,http://www.wikidata.org/entity/statement/Q849889-84f48ac9-409f-fb82-dc89-8c4862ef1570
wikidata_P286_team_to_person,Q31533-abb045d6-4a15-9178-6f10-76570943e086,Celje,Dušan Kosič,2020-01-01,2020-12-21,2,0,0.7600,token_fuzzy_unique,,http://www.wikidata.org/entity/statement/Q31533-abb045d6-4a15-9178-6f10-76570943e086
wikidata_P286_team_to_person,Q291447-057208e4-45a1-0678-59e5-a8c8287fd0f7,AEK Larnaca,José Luis Oltra,2022-07-01,2023-11-06,2,0,0.7600,exact_name,,http://www.wikidata.org/entity/statement/Q291447-057208e4-45a1-0678-59e5-a8c8287fd0f7
wikidata_P286_team_to_person,Q201006-93d53228-42ea-22df-fd1b-85c8d1af65d6,Dinamo Tbilisi,Kakhaber Tskhadadze,2021-05-27,2022-06-18,2,0,0.7600,token_fuzzy_unique,,http://www.wikidata.org/entity/statement/Q201006-93d53228-42ea-22df-fd1b-85c8d1af65d6
wikidata_P286_team_to_person,Q10329-19e34b36-48ef-14de-c1a6-da9b945a47e9,Sevilla,Quique Flores,2023-12-18,2024-06-30,2,20,0.7600,token_fuzzy_unique,,http://www.wikidata.org/entity/statement/Q10329-19e34b36-48ef-14de-c1a6-da9b945a47e9
wikidata_P286_team_to_person,Q19597-c07bbc62-495b-a24d-c48f-c13860a95f7d,Rangers,Philippe Clement,2023-10-15,2025-02-23,2,0,0.7600,token_fuzzy_unique,global_exact_name_unique,http://www.wikidata.org/entity/statement/Q19597-c07bbc62-495b-a24d-c48f-c13860a95f7d
wikidata_P286_team_to_person,Q920281-6756d7d6-4ac2-4cfe-ead5-1eca2aaaca9e,Dečić,Milorad Peković,2023-09-27,2024-10-11,2,0,0.7600,token_fuzzy_unique,global_exact_name_unique,http://www.wikidata.org/entity/statement/Q920281-6756d7d6-4ac2-4cfe-ead5-1eca2aaaca9e
wikidata_P286_team_to_person,Q30115933-5be575ed-47dd-15ef-2033-dd81812e3764,Struga,Qatip Osmani,2024-05-29,2025-02-23,2,0,0.7600,token_fuzzy_unique,,http://www.wikidata.org/entity/statement/Q30115933-5be575ed-47dd-15ef-2033-dd81812e3764
wikidata_P286_team_to_person,Q1346756-b3279754-4ec3-37c7-4753-bc0502536019,Dinamo Batumi,Andriy Demchenko,2023-08-24,2024-10-08,2,0,0.7600,token_fuzzy_unique,global_exact_name_unique,http://www.wikidata.org/entity/statement/Q1346756-b3279754-4ec3-37c7-4753-bc0502536019
wikidata_P286_team_to_person,Q190916-cee56cf7-43a0-0012-9e92-1b4c607466c5,Club Brugge,Scott Parker,2022-12-31,2023-03-08,2,0,0.7600,token_fuzzy_unique,global_exact_name_unique,http://www.wikidata.org/entity/statement/Q190916-cee56cf7-43a0-0012-9e92-1b4c607466c5
wikidata_P286_team_to_person,Q206692-05d9897a-441e-1eb4-bba9-04244953a213,Zürich,Franco Foda,2022-07-01,2022-09-21,2,0,0.7600,token_fuzzy_unique,,http://www.wikidata.org/entity/statement/Q206692-05d9897a-441e-1eb4-bba9-04244953a213
wikidata_P286_team_to_person,Q459090-0948b453-4047-4d2c-768d-9e673a2055b7,América RN,Santiago Solari,2021-01-01,2022-03-02,2,0,0.7600,token_fuzzy_unique,,http://www.wikidata.org/entity/statement/Q459090-0948b453-4047-4d2c-768d-9e673a2055b7
wikidata_P286_team_to_person,Q460448-4e04d408-442b-6bcb-7f35-d27481de01cc,Cádiz,Mauricio Pellegrino,2024-01-24,2024-06-30,2,15,0.7600,token_fuzzy_unique,same_team_assignment_name,http://www.wikidata.org/entity/statement/Q460448-4e04d408-442b-6bcb-7f35-d27481de01cc
wikidata_P286_team_to_person,Q172803-5dbb69f1-4fcb-fc94-6da6-b4bf23674466,Dinamo Zagreb,Zoran Mamić,2020-07-07,2021-03-15,2,0,0.7600,exact_name,,http://www.wikidata.org/entity/statement/Q172803-5dbb69f1-4fcb-fc94-6da6-b4bf23674466
wikidata_P286_team_to_person,Q19603-d57b9cb4-40db-d0cc-be05-2c1cc13e47b2,FC Twente,Joseph Oosting,2023-07-01,2025-09-04,2,0,0.7600,exact_name,global_exact_name_unique,http://www.wikidata.org/entity/statement/Q19603-d57b9cb4-40db-d0cc-be05-2c1cc13e47b2
wikidata_P286_team_to_person,Q239663-d452e88f-4700-252c-679b-4842017fee93,Sarajevo,Vinko Marinović,2020-01-01,2021-05-12,2,0,0.7600,token_fuzzy_unique,global_exact_name_unique,http://www.wikidata.org/entity/statement/Q239663-d452e88f-4700-252c-679b-4842017fee93
wikidata_P286_team_to_person,Q210170-d367fdfe-4f64-be49-09c0-379facf8d3ad,Tirana,Orges Shehi,2021-01-27,2023-10-05,2,0,0.7600,token_fuzzy_unique,,http://www.wikidata.org/entity/statement/Q210170-d367fdfe-4f64-be49-09c0-379facf8d3ad
wikidata_P286_team_to_person,Q223728-3c45ae2b-41ee-d281-6d49-a7f33a7125f4,Maccabi Tel Aviv,Žarko Lazetić,2024-07-01,2025-12-31,2,0,0.7600,token_fuzzy_unique,global_exact_name_unique,http://www.wikidata.org/entity/statement/Q223728-3c45ae2b-41ee-d281-6d49-a7f33a7125f4
wikidata_P286_team_to_person,Q390183-e9b375e1-4acb-fdbb-0094-d131ce0fc4a0,The New Saints,Anthony Limbrick,2021-04-02,2022-07-28,2,0,0.7600,token_fuzzy_unique,,http://www.wikidata.org/entity/statement/Q390183-e9b375e1-4acb-fdbb-0094-d131ce0fc4a0
wikidata_P286_team_to_person,Q193481-d0580077-4411-8bd3-c2f5-5a019aa1e80a,Sparta Praha,Brian Priske,2022-06-01,2024-06-01,2,0,0.7600,token_fuzzy_unique,,http://www.wikidata.org/entity/statement/Q193481-d0580077-4411-8bd3-c2f5-5a019aa1e80a
wikidata_P286_team_to_person,Q597715-f12452a0-48c8-db2b-d341-133e278a7f0f,Valur,Heimir Guðjónsson,2020-01-01,2022-07-18,2,0,0.7600,exact_name,,http://www.wikidata.org/entity/statement/Q597715-f12452a0-48c8-db2b-d341-133e278a7f0f
wikidata_P286_team_to_person,Q211906-4f7dcb4a-45a6-1e1f-8d37-fb1b10e5e272,Brøndby IF,Niels Frederiksen,2020-01-01,2022-11-14,2,0,0.7600,exact_name,global_exact_name_unique,http://www.wikidata.org/entity/statement/Q211906-4f7dcb4a-45a6-1e1f-8d37-fb1b10e5e272
wikidata_P286_team_to_person,Q201006-08048e25-4bcd-b3e3-8040-a7422a6ea3c8,Dinamo Tbilisi,Giorgi Chiabrishvili,2022-06-19,2023-08-04,2,0,0.7600,token_fuzzy_unique,,http://www.wikidata.org/entity/statement/Q201006-08048e25-4bcd-b3e3-8040-a7422a6ea3c8
wikidata_P286_team_to_person,Q188656-d224f28d-497a-b1c0-9464-f5c77a1e4bd4,Partizan,Aleksandar Stanojević,2024-07-01,2024-09-24,2,0,0.7600,token_fuzzy_unique,global_exact_name_unique,http://www.wikidata.org/entity/statement/Q188656-d224f28d-497a-b1c0-9464-f5c77a1e4bd4
wikidata_P286_team_to_person,Q1346756-4dcba4bd-4611-2cc3-0e74-132fd3a50656,Dinamo Batumi,Giorgi Geguchadze,2020-01-01,2023-08-21,2,0,0.7600,token_fuzzy_unique,,http://www.wikidata.org/entity/statement/Q1346756-4dcba4bd-4611-2cc3-0e74-132fd3a50656
wikidata_P286_team_to_person,Q192641-9efe69f2-44b0-d448-157e-363e0dfdc25a,Trabzonspor,Abdullah Avcı,2020-11-10,2023-03-07,2,0,0.7600,exact_name,global_exact_name_unique,http://www.wikidata.org/entity/statement/Q192641-9efe69f2-44b0-d448-157e-363e0dfdc25a
wikidata_P286_team_to_person,Q18656-cee77b22-4adc-e98f-580e-ea44ccc24c87,Manchester United,Michael Carrick,2021-11-21,2021-11-29,2,0,0.7600,token_fuzzy_unique,global_exact_name_unique,http://www.wikidata.org/entity/statement/Q18656-cee77b22-4adc-e98f-580e-ea44ccc24c87
wikidata_P286_team_to_person,Q172803-3b9d47fd-4ad4-2ba3-442c-692afbac8442,Dinamo Zagreb,Fabio Cannavaro,2024-12-30,2025-04-09,2,0,0.7600,exact_name,global_exact_name_unique,http://www.wikidata.org/entity/statement/Q172803-3b9d47fd-4ad4-2ba3-442c-692afbac8442
wikidata_P286_team_to_person,Q39056364-0b257459-485e-fa91-8a1c-56644bccc774,Ararat-Armenia,David Campaña Piquer,2020-07-22,2021-03-05,1,0,0.7362,token_fuzzy_unique,,http://www.wikidata.org/entity/statement/Q39056364-0b257459-485e-fa91-8a1c-56644bccc774
wikidata_P286_team_to_person,Q5014111-11967ae3-4dc9-2592-5053-3b8fdeb87772,Vasco da Gama,Rafael Paiva,2024-04-30,2024-05-20,1,2,0.7362,token_fuzzy_unique,,http://www.wikidata.org/entity/statement/Q5014111-11967ae3-4dc9-2592-5053-3b8fdeb87772
wikidata_P286_team_to_person,Q41420-bfbd7e01-4c4f-21a9-699c-cc5e21c304a5,Borussia Dortmund,Mike Tullberg,2025-01-22,2025-01-30,1,1,0.7362,exact_name,same_team_assignment_name,http://www.wikidata.org/entity/statement/Q41420-bfbd7e01-4c4f-21a9-699c-cc5e21c304a5
wikidata_P286_team_to_person,Q132885-0f9325ed-4ffc-642e-d8d4-447824acaf15,Olympique Marseille,Jacques Abardonado,2023-09-20,2023-09-26,1,0,0.7362,token_fuzzy_unique,,http://www.wikidata.org/entity/statement/Q132885-0f9325ed-4ffc-642e-d8d4-447824acaf15
wikidata_P286_team_to_person,Q10512-afb2573d-484e-8bfe-baee-1822a19a1fb7,Elche,Pablo Manusovich,2021-11-25,2021-11-29,1,0,0.7362,token_fuzzy_unique,,http://www.wikidata.org/entity/statement/Q10512-afb2573d-484e-8bfe-baee-1822a19a1fb7
wikidata_P286_team_to_person,Q12297-c609d72f-4d6a-b646-d34a-874e6a73023d,Villarreal,Miguel Ángel Tena,2023-11-10,2023-11-12,1,0,0.7362,token_fuzzy_unique,,http://www.wikidata.org/entity/statement/Q12297-c609d72f-4d6a-b646-d34a-874e6a73023d
wikidata_P286_team_to_person,Q704-a34ab9a0-455f-3c11-4903-3f2c52891217,Olympique Lyonnais,Jean-François Vulliez,2023-09-11,2023-09-17,1,0,0.7362,exact_name,,http://www.wikidata.org/entity/statement/Q704-a34ab9a0-455f-3c11-4903-3f2c52891217
wikidata_P286_team_to_person,Q459090-0f429a98-4fc4-c2cd-6b24-c2a93c2fd451,América RN,Fernando Ortiz,2022-03-02,2023-05-22,1,0,0.7362,token_fuzzy_unique,global_exact_name_unique,http://www.wikidata.org/entity/statement/Q459090-0f429a98-4fc4-c2cd-6b24-c2a93c2fd451
wikidata_P286_team_to_person,Q10512-1e2b62fa-4c9f-ae70-8f38-1e400e7c4ed7,Elche,Alberto Gallego,2022-10-05,2022-10-12,1,0,0.7362,token_fuzzy_unique,,http://www.wikidata.org/entity/statement/Q10512-1e2b62fa-4c9f-ae70-8f38-1e400e7c4ed7
wikidata_P286_team_to_person,Q933213-2ae9bd68-4c86-4e2e-0490-e2184d3b0e9f,Sileks,Goran Simov,2020-01-01,2021-05-31,1,0,0.7362,token_fuzzy_unique,,http://www.wikidata.org/entity/statement/Q933213-2ae9bd68-4c86-4e2e-0490-e2184d3b0e9f
wikidata_P286_team_to_person,Q51976-005adab6-4f05-a2a0-2887-04c8323535d6,Werder Bremen,Thomas Schaaf,2021-05-16,2021-05-31,1,0,0.7362,exact_name,,http://www.wikidata.org/entity/statement/Q51976-005adab6-4f05-a2a0-2887-04c8323535d6
wikidata_P286_team_to_person,Q141971-3b1db84a-4a00-439a-945c-95d786a8a0d1,FC Union Berlin,Marco Grote,2023-11-15,2023-11-26,1,0,0.7362,token_fuzzy_unique,global_exact_name_unique,http://www.wikidata.org/entity/statement/Q141971-3b1db84a-4a00-439a-945c-95d786a8a0d1
wikidata_P286_team_to_person,Q206838-2baa5084-4c49-0ad2-d653-0571147cc0d2,Viktoria Plzeň,Adrián Guľa,2020-01-01,2021-05-09,1,0,0.7362,exact_name,,http://www.wikidata.org/entity/statement/Q206838-2baa5084-4c49-0ad2-d653-0571147cc0d2
wikidata_P286_team_to_person,Q9616-4ec0bd53-4edb-3b41-5d4c-051446767576,Chelsea,Bruno Saltor Grau,2023-04-03,2023-04-05,1,0,0.7362,token_fuzzy_unique,,http://www.wikidata.org/entity/statement/Q9616-4ec0bd53-4edb-3b41-5d4c-051446767576
wikidata_P286_team_to_person,Q14917649-3d8ebfae-43b5-b471-8ede-a2d7137d3f8b,KR Reykjavík,Rúnar Kristinsson,2020-01-01,2023-12-31,1,0,0.7362,exact_name,,http://www.wikidata.org/entity/statement/Q14917649-3d8ebfae-43b5-b471-8ede-a2d7137d3f8b
wikidata_P286_team_to_person,Q10512-5d3c0dfb-4716-2d56-50f1-98ddf5137fcf,Elche,Sergio Mantecón,2022-11-07,2022-11-16,1,0,0.7362,token_fuzzy_unique,,http://www.wikidata.org/entity/statement/Q10512-5d3c0dfb-4716-2d56-50f1-98ddf5137fcf
wikidata_P286_team_to_person,Q10512-2b8d01ed-4f51-0ff9-6776-5741133060dc,Elche,Sergio Mantecón,2021-11-25,2021-11-29,1,0,0.7362,token_fuzzy_unique,,http://www.wikidata.org/entity/statement/Q10512-2b8d01ed-4f51-0ff9-6776-5741133060dc
wikidata_P286_team_to_person,Q17479-1b5a15cf-4bd9-292b-ef0f-2dbf4dc1e7d4,Flamengo,Vítor Pereira,2023-01-01,2023-04-10,1,0,0.7362,token_fuzzy_unique,,http://www.wikidata.org/entity/statement/Q17479-1b5a15cf-4bd9-292b-ef0f-2dbf4dc1e7d4
wikidata_P286_team_to_person,Q338557-16cc6d62-46c2-e231-6d00-2fe48650fb56,Dundalk,Vinny Perth,2020-01-01,2020-08-20,1,0,0.7362,token_fuzzy_unique,,http://www.wikidata.org/entity/statement/Q338557-16cc6d62-46c2-e231-6d00-2fe48650fb56
wikidata_P286_team_to_person,Q729512-19C4793F-2D37-488F-AEF5-8559293BBC4A,Inter Club d'Escaldes,Adolfo Baines Pilart,2020-01-01,2020-09-22,1,0,0.7362,exact_name,,http://www.wikidata.org/entity/statement/Q729512-19C4793F-2D37-488F-AEF5-8559293BBC4A
wikidata_P286_team_to_person,Q598834-3311be78-472c-d61c-8cb8-9f2742279fac,Criciúma,Hemerson Maria,2021-01-28,2021-04-01,1,0,0.7362,token_fuzzy_unique,,http://www.wikidata.org/entity/statement/Q598834-3311be78-472c-d61c-8cb8-9f2742279fac
wikidata_P286_team_to_person,Q8812-b328b179-417f-da02-fd82-3133cf9c799e,Granada,José Ramón Sandoval,2024-03-19,2024-06-30,1,9,0.7362,token_fuzzy_unique,,http://www.wikidata.org/entity/statement/Q8812-b328b179-417f-da02-fd82-3133cf9c799e
wikidata_P286_team_to_person,Q192253-117703c9-49de-8d1b-e791-e49d3365932e,Slovan Bratislava,Ján Kozák,2020-01-01,2020-09-04,1,0,0.7362,token_fuzzy_unique,,http://www.wikidata.org/entity/statement/Q192253-117703c9-49de-8d1b-e791-e49d3365932e
wikidata_P286_team_to_person,Q31533-81cb4de2-4d91-edc0-4e24-2d71bddb2fc0,Celje,Albert Riera,2024-07-29,2025-12-31,1,0,0.7362,token_fuzzy_unique,global_exact_name_unique,http://www.wikidata.org/entity/statement/Q31533-81cb4de2-4d91-edc0-4e24-2d71bddb2fc0
wikidata_P286_team_to_person,Q382324-dc6d25c3-42ea-aabc-5291-b55d2b53ed45,KuPS,Arne Erlandsen,2020-01-01,2020-12-31,1,0,0.7362,exact_name,,http://www.wikidata.org/entity/statement/Q382324-dc6d25c3-42ea-aabc-5291-b55d2b53ed45
wikidata_P286_team_to_person,Q80845-c96bb879-4e37-9ce4-4763-bad29fef3d2e,Internacional,Cauan de Almeida,2022-04-16,2022-04-18,1,0,0.7362,token_fuzzy_unique,,http://www.wikidata.org/entity/statement/Q80845-c96bb879-4e37-9ce4-4763-bad29fef3d2e
wikidata_P286_team_to_person,Q757407-9c6dcfb0-46ac-0bf8-20fc-7143f83f38e3,Atlètic Club d'Escaldes,Federico Bessone,2022-07-01,2023-06-30,1,0,0.7362,exact_name,,http://www.wikidata.org/entity/statement/Q757407-9c6dcfb0-46ac-0bf8-20fc-7143f83f38e3
wikidata_P286_team_to_person,Q19963391-e752fac8-473c-494f-00ac-f88812af1a1a,Riga,Oleg Kononov,2020-02-05,2020-11-11,1,0,0.7362,token_fuzzy_unique,,http://www.wikidata.org/entity/statement/Q19963391-e752fac8-473c-494f-00ac-f88812af1a1a
